song_text,processed_text
"1. Кино апрель
Над землей - мороз,
Что не тронь - все лед,
Лишь во сне моем поет капель.
А снег идет стеной,
А снег идет весь день,
А за той стеной стоит апрель.

А он придет и приведет за собой весну,
И рассеет серых туч войска.
А когда мы все посмотрим в глаза его,
На нас из глаз его посмотрит тоска.
И откроются двери домов,
Да ты садись, а то в ногах правды нет.
А когда мы все посмотрим в глаза его,
То увидим в тех глазах Солнца свет.

На теле ран не счесть,
Нелегки шаги,
Лишь в груди горит звезда.
И умрет апрель,
И родится вновь,
И придет уже навсегда.

А он придет и приведет за собой весну,
И рассеет серых туч войска.
А когда мы все посмотрим в глаза его,
На нас из глаз его посмотрит тоска.
И откроются двери домов,
Да ты садись, а то в ногах правды нет.
А когда мы все посмотрим в глаза его,
То увидим в тех глазах Солнца свет.",кино апрель земля мороз тронуть весь лед лишь сон петь капля снег идти стена снег идти весь день стена стоить апрель прийти привести весна рассеять серый туча войско весь посмотреть глаз глаз посмотреть тоска открыться дверь дом садиться нога правда весь посмотреть глаз увидеть глаз солнце свет тело рана счесть нелегки шаг лишь грудь гореть звезда умереть апрель родиться вновь прийти навсегда прийти привести весна рассеять серый туча войско весь посмотреть глаз глаз посмотреть тоска открыться дверь дом садиться нога правда весь посмотреть глаз увидеть глаз солнце свет
"Кино -группа крови
Теплое место, но улицы ждут
Отпечатков наших ног.
Звездная пыль - на сапогах.
Мягкое кресло, клетчатый плед,
Не нажатый вовремя курок.
Солнечный день - в ослепительных снах.

Группа крови - на рукаве,
Мой порядковый номер - на рукаве,
Пожелай мне удачи в бою, пожелай мне:
Не остаться в этой траве,
Не остаться в этой траве.
Пожелай мне удачи, пожелай мне удачи!

И есть чем платить, но я не хочу
Победы любой ценой.
Я никому не хочу ставить ногу на грудь.
Я хотел бы остаться с тобой,
Просто остаться с тобой,
Но высокая в небе звезда зовет меня в путь.

Группа крови - на рукаве,
Мой порядковый номер - на рукаве,
Пожелай мне удачи в бою, пожелай мне:
Не остаться в этой траве,
Не остаться в этой траве.
Пожелай мне удачи, пожелай мне удачи!",кино группа кровь теплый место улица ждать отпечаток наш нога звездный пыль сапог мягкий кресло клетчатый плед нажать вовремя курок солнечный день ослепительный сон группа кровь рукав порядковый номер рукав пожелать удача бой пожелать остаться трава остаться трава пожелать удача пожелать удача платить хотеть победа любой цена никто хотеть ставить нога грудь хотеть остаться просто остаться высокий небо звезда звать путь группа кровь рукав порядковый номер рукав пожелать удача бой пожелать остаться трава остаться трава пожелать удача пожелать удача
"Кино - Мама, мы все сошли с ума

Зерна упали в землю, зерна просят дождя.
Им нужен дождь.
Разрежь мою грудь, посмотри мне внутрь,
Ты увидишь, там все горит огнем.
Через день будет поздно, через час будет поздно,
Через миг будет уже не встать.
Если к дверям не подходят ключи, вышиби двери плечом.

Мама, мы все тяжело больны...
Мама, я знаю, мы все сошли с ума...

Сталь между пальцев, сжатый кулак.
Удар выше кисти, терзающий плоть,
Но вместо крови в жилах застыл яд, медленный яд.
Разрушенный мир, разбитые лбы, разломанный надвое хлеб.
И вот кто-то плачет, а кто-то молчит,
А кто-то так рад, кто-то так рад...

Мама, мы все тяжело больны...
Мама, я знаю, мы все сошли с ума...

Ты должен быть сильным, ты должен уметь сказать:
Руки прочь, прочь от меня!
Ты должен быть сильным, иначе зачем тебе быть.
Что будет стоить тысячи слов,
Когда важна будет крепость руки?
И вот ты стоишь на берегу и думаешь: ""Плыть или не плыть?""

Мама, мы все тяжело больны...
Мама, я знаю, мы все сошли с ума...",кино мама весь сойти зерно упасть земля зерно просить дождь нужный дождь разрезать грудь посмотреть внутрь увидеть весь гореть огонь день поздно час поздно миг встать дверь подходить ключ вышибить дверь плечо мама весь тяжело больной мама знать весь сойти сталь палец сжать кулак удар выше кисть терзать плоть вместо кровь жила застынуть медленный разрушить мир разбитый лоб разломать надвое хлеб плакать молчать рад рад мама весь тяжело больной мама знать весь сойти должный сильный должный уметь сказать рука прочь прочь должный сильный иначе стоить тысяча слово важный крепость рука стоить берег думать плыть плыть мама весь тяжело больной мама знать весь сойти
"Кино - ночь
За окнами солнце, за окнами свет - это день.
Ну, а я всегда любил ночь.
И это мое дело - любить ночь,
И это мое право - уйти в тень.

Я люблю ночь за то, что в ней меньше машин,
Я люблю дым и пепел своих папирос,
Я люблю кухни за то, что они хранят тайны,
Я люблю свой дом, но вряд ли это всерьез.

И эта ночь и ее электрический свет
Бьет мне в глаза,
И эта ночь и ее электрический свет
Бьет мне в окно,
И эта ночь и ее электрический голос
Манит меня к себе,
И я не знаю, как мне прожить
Следующий день.

Я один, но это не значит, что я одинок,
Мой магнитофон хрипит о радостях дня,
Я помню, что завтра меня ждет несколько встреч,
И кофе в известном кафе согреет меня.

И эта ночь и ее электрический свет
Бьет мне в глаза,
И эта ночь и ее электрический свет
Бьет мне в окно,
И эта ночь и ее электрический голос
Манит меня к себе,
И я не знаю, как мне прожить
Следующий день.",кино ночь окно солнце окно свет это день любить ночь это дело любить ночь это право уйти тень любить ночь меньше машина любить дым пепел свой папироса любить кухня хранить тайна любить свой дом вряд это всерьез ночь электрический свет бить глаз ночь электрический свет бить окно ночь электрический голос манить знать прожить следующий день это значить одинокий магнитофон хрипеть радость день помнить завтра ждать несколько встреча кофе известный кафе согреть ночь электрический свет бить глаз ночь электрический свет бить окно ночь электрический голос манить знать прожить следующий день
"Кино - стук
Струн провода, ток по рукам,
Телефон на все голоса говорит:
-""Пока-а!"" Пора...
И пальто на гвозде, шарф в рукаве
И перчатки в карманах шепчут:
-""Подожди до утра!"" До утра...

Но странный стук зовет: ""В дорогу!""
Может сердца, а может стук в дверь.
И, когда я обернусь на пороге,
Я скажу одно лишь слово: ""Верь!""

И опять на вокзал, и опять к поездам,
И опять проводник выдаст белье и чай,
И опять не усну, и опять сквозь грохот колес
Мне послышится слово: ""Прощай!""

Но странный стук зовет: ""В дорогу!""
Может сердца, а может стук в дверь.
И, когда я обернусь на пороге,
Я скажу одно лишь слово ...",кино стук струна провод ток рука телефон весь голос говорить пока пора пальто гвоздь шарф рукав перчатка карман шепчут подождать утро утро странный стук звать дорога мочь сердце мочь стук дверь обернуться порог сказать лишь слово верить вокзал поезд проводник выдать белье чай уснуть сквозь грохот колесо послышаться слово прощать странный стук звать дорога мочь сердце мочь стук дверь обернуться порог сказать лишь слово
"Кино - троллейбус
Мое место слева, и я должен там сесть,
Не пойму, почему мне так холодно здесь,
Я не знаком с соседом, хоть мы вместе уж год.
И мы тонем, хотя каждый знает, где брод.
И каждый с надеждой глядит в потолок
Троллейбуса, который идет на восток.
Троллейбуса, который идет на восток.
Троллейбуса, который...

Все люди - братья, мы - седьмая вода,
И мы едем, не знаю, зачем и куда.
Мой сосед не может, он хочет уйти,
Но он не может уйти, он не знает пути,
И вот мы гадаем, какой может быть прок
В троллейбусе, который идет на восток.
В троллейбусе, который идет на восток.
В троллейбусе, который...

В кабине нет шофера, но троллейбус идет,
И мотор заржавел, но мы едем вперед,
Мы сидим не дыша, смотрим туда,
Где на долю секунды показалась звезда,
Мы молчим, но мы знаем, нам в этом помог,
Троллейбус, который идет на восток.
Троллейбус, который идет на восток.
Троллейбус, который...",кино троллейбус место слева должный сесть понять почему холодный знакомый сосед вместе год тонуть хотя каждый знать брод каждый надежда глядеть потолок троллейбус который идти восток троллейбус который идти восток троллейбус который весь человек брат седьмой вода ехать знать сосед мочь хотеть уйти мочь уйти знать путь гадать мочь прок троллейбус который идти восток троллейбус который идти восток троллейбус который кабина шофер троллейбус идти мотор заржаветь ехать вперед сидеть дышать смотреть туда доля секунда показаться звезда молчать знать это помочь троллейбус который идти восток троллейбус который идти восток троллейбус который
"Кино -муравейник
Начинается новый день
И машины туда-сюда...
Раз уж солнцу вставать не лень,
И для нас, значит, ерунда.
Муравейник живет,
Кто-то лапку сломал - не в счет,
А до свадьбы заживет,
А помрет - так помрет...

Я не люблю, когда мне врут,
Но от правды я тоже устал,
Я пытался найти приют,
Говорят, что плохо искал.
И я не знаю, каков процент
Сумасшедших на данный час,
Но, если верить глазам и ушам -
Больше в несколько раз...

И мы могли бы вести войну
Против тех, кто против нас,
Так как те, кто против тех, кто против нас,
Не справляются с ними без нас.
Наше будущее - туман,
В нашем прошлом - то ад, то рай,
Наши деньги не лезут в карман,
Вот и утро - вставай!

Я не люблю, когда мне врут,
Но от правды я тоже устал,
Я пытался найти приют,
Говорят, что плохо искал.
И я не знаю, каков процент
Сумасшедших на данный час,
Но, если верить глазам и ушам -
Больше в несколько раз...",кино муравейник начинаться новый день машина туда сюда солнце вставать лень значить ерунда муравейник жить лапка сломать счет свадьба зажить помереть помрет любить врать правда устать пытаться найти приют говорить плохо искать знать каков процент сумасшедший данный час верить глаз ухо большой несколько мочь вести война против против против против справляться наш будущее туман наш прошлое рай наш деньга лезть карман утро вставать любить врать правда устать пытаться найти приют говорить плохо искать знать каков процент сумасшедший данный час верить глаз ухо большой несколько
"Кино - Звезды останутся здесь
Не люблю темные стекла,
Сквозь них темное небо.
Дайте мне войти, откройте двери.
Мне снится Черное море,
Теплое Черное море,
За окнами дождь, но я в него не верю.

И я попал в сеть,
И мне из нее не уйти,
Твой взгляд бьет меня, словно ток.
Звезды упав, все останутся здесь,
Навсегда останутся здесь.

В каждом из нас спит волк,
В каждом из нас спит зверь,
Я слышу его рычанье, когда танцую.
В каждом из нас что-то есть,
Но я не могу взять в толк,
Почему мы стоим, а места вокруг нас пустуют.

И я попал в сеть,
И мне из нее не уйти,
Твой взгляд бьет меня, словно ток.
Звезды упав, все останутся здесь,
Навсегда останутся здесь.",кино звезда остаться любить темный стекло сквозь темный небо дать войти открыть дверь сниться черный море теплый черный море окно дождь верить попасть сеть уйти твой взгляд бить словно ток звезда упасть весь остаться навсегда остаться каждый спать волк каждый спать зверь слышать рычание танцевать каждый мочь взять толк почему стоить место вокруг пустовать попасть сеть уйти твой взгляд бить словно ток звезда упасть весь остаться навсегда остаться
"Кино -  кончится лето
Я выключаю телевизор, я пишу тебе письмо
Про то, что больше не могу смотреть на дерьмо,
Про то, что больше нет сил,
Про то, что я почти запил, но не забыл тебя.
Про то, что телефон звонил, хотел, чтобы я встал,
Оделся и пошел, а точнее, побежал,
Но только я его послал,
Сказал, что болен и устал, и эту ночь не спал.

Я жду ответа, больше надежд нету.
Скоро кончится лето.
Это...

А с погодой повезло - дождь идет четвертый день,
Хотя по радио сказали - жаркой будет даже тень.
Но, впрочем, в той тени, где я,
Пока и сухо и тепло, но я боюсь пока...
А дни идут чередом - день едим, а три пьем,
И вообщем весело живем, хотя и дождь за окном.
Магнитофон сломался,
Я сижу в тишине, чему и рад вполне.

Я жду ответа, больше надежд нету.
Скоро кончится лето.
Это...

За окном идет стройка - работает кран,
И закрыт пятый год за углом ресторан.
А на столе стоит банка,
А в банке тюльпан, а на окне - стакан.
И так уйдут за годом год, так и жизнь пройдет,
И в сотый раз маслом вниз упадет бутерброд.
Но может будет хоть день,
Может будет хоть час, когда нам повезет.

Я жду ответа, больше надежд нету.
Скоро кончится лето.
Это...",кино кончиться лето выключать телевизор писать письмо большой мочь смотреть дерьмо большой сила запить забыть телефон звонить хотеть встать одеться пойти точный побежать послать сказать больной устать ночь спать ждать ответ надежда нету скоро кончиться лето это погода повезти дождь идти четвертый день хотя радио сказать жаркий тень тень пока сухо тепло бояться пока день идти черед день едим пить вообщем весело жить хотя дождь окно магнитофон сломаться сидеть тишина рад вполне ждать ответ надежда нету скоро кончиться лето это окно идти стройка работать кран закрыть пятый год угол ресторан стол стоить банк банк тюльпан окно стакан уйти год год жизнь пройти сотый масло вниз упасть бутерброд мочь день мочь час повезти ждать ответ надежда нету скоро кончиться лето это
"Кино - Бошетунмай
Тот, кто в пятнадцать лет убежал из дома,
Вряд ли поймет того, кто учился в спецшколе.
Тот, у кого есть хороший жизненный план,
Вряд ли будет думать о чем-то другом.
Мы пьем чай в старых квартирах,
Ждем лета в старых квартирах,
В старых квартирах, где есть свет,
Газ, телефон, горячая вода,
Радиоточка, пол - паркет,
Санузел раздельный, дом кирпичный,
Одна семья, две семьи, три семьи...
Много подсобных помещений,
Первый и последний - не предлагать,
Рядом с метро, центр...

Бошентумай...

Все говорят, что мы в-месте...
Все говорят, но немногие знают, в каком.
А из наших труб идет необычный дым.
Стой! Опасная зона! Работа мозга!..
Бошентумай...",кино бошетунмать пятнадцать год убежать дом вряд понять учиться спецшкола хороший жизненный план вряд думать пить чай старый квартира ждать лето старый квартира старый квартира свет газ телефон горячий вода радиоточка пол паркет санузел раздельный дом кирпичный семья семья семья подсобный помещение первый последний предлагать рядом метро центр бошентумай весь говорить место весь говорить немногие знать наш труба идти необычный дым стоить опасный зона работа мозг бошентумай
"ДДТ - что такое осень
[Куплет 1]
Что такое осень? Это небо
Плачущее небо под ногами
В лужах разлетаются, птицы с облаками
Осенью, я давно с тобою не был
В лужах разлетаются, птицы с облаками
Осенью, я давно с тобою не был

[Припев]
Осень, в небе жгут корабли
Осень, мне бы прочь от земли
Там, где в море тонет печаль
Осень — темная даль

[Куплет 2]
Что такое осень? Это камни
Верность над черной Невою
Осенью вновь напомнила
Душе о самой главной
Осенью, я опять лишён воскресенья,
вновь напомнила
Душе о самой главной
Осенью, я опять лишён атмосфере",ддт осень куплет осень это небо плакать небо нога лужа разлетаться птица облако осень давно лужа разлетаться птица облако осень давно припев осень небо жечь корабль осень прочь земля море тонуть печаль осень темный даль куплет осень это камень верность черный нева осень вновь напомнить душа главный осень лишить воскресение вновь напомнить душа главный осень лишить атмосфера
"ДДТ - метель
[Куплет 1]
Коронована луной
Как начало — высокая
Как победа — не со мной
Как надежда — нелегка
За окном стеной метель
Жизнь по горло за нос
Сорвало финал с петель
Да поела всё тепло

[Припев]
Играй, как сыграй
Закрой глаза и вернись
Не пропади, но растай
Да колее поклонись
Мое окно отогрей
Пусти по по лю
Не доживи, но созрей
Ты будешь вечно со мной
Ты будешь вечно со мной
Ты будешь вечно со мной
Со мной...

[Куплет 2]
Ищут землю фонари
К небу тянется свеча
На снегу следы зари —
Крылья падала
полученный же, вьюга, наливай
Выпьем время натощак
Я спою, ты в такт пролай
О затерянных вещах",ддт метель куплет короновать луна начало высокий победа надежда нелегкий окно стена метель жизнь горло нос сорвать финал петля поесть весь тепло припев играй сыграй закрыть глаз вернуться пропасть растаять колея поклониться окно отогреть пустить дожить созрей вечно вечно вечно куплет искать земля фонарь небо тянуться свеча снег след заря крыло падать получить вьюга наливать выпьем время натощак спеть такт пролаять затерянный вещь
"ДДТ - Осенняя

[Куплет 1]
Небеса на коне на осеннем параде
Месят тесто из тех, кто представлен к награде
А по ящику врут о войне…
Я живу на весах в этом качестве года
Моя песня, конечно, дождливого рода
Моя песня не спета
И не одета
Моя песня — ответ письмам Анны и Лизы;
Брызги ветер висят на промокших карнизах
Собрала их губы весной
И исчезла она

[Куплет 2]
Я с бедой на плечах доползу до дороги
Умереть — если немного Нас
Но препятствия уйти от тебя
Наше «Я»
Где опасность бред, там живые могилы
за веру их лет поднимаются на вилы
Этой осенью платим за свет
Пляшем на виражах, поворотами веков
И никому нет конца, даже тем, кто не с мы
Наша песня с тобой в облаках
И пока ничего, ничего не случилось
Я вчера еще помнил, что жизнь ко мне приснилась
Этой осенью стала она…

[Припев]
И если вокруг — одно лихо
И если кругом слишком тонко
Люби всех нас, Господи, тихо
Люби всех нас, Господи, громко

[Бридж]
Иногда наша жизнь за продолжение цветов
Это значит, мой друг, Он прошёл между нами…
Но увидеть его осторожно

[Припев]
И если вокруг — одно лихо
И привычное нам слишком тонко
Люби всех нас, Господи, тихо
Люби всех нас, Господи, громко
Люби всех нас, Господи, тихо
Люби всех нас, Господи…",ддт осенний куплет небо кон осенний парад месить тесто представить награда ящик врать война жить вес это качество год песня дождливый род песня спеть одеть песня ответ письмо анна лиза брызги ветер висеть промокнуть карниз собрать губа весна исчезнуть куплет беда плечо доползти дорога умереть немного препятствие уйти наш опасность бред живой могила вера год подниматься вилы осень платить свет плясать вираж поворот век никто конец наш песня облако пока ничто ничто случиться вчера помнить жизнь приснилась осень стать припев вокруг лихой кругом слишком тонко любить весь господь тихо любить весь господь громко бридж наш жизнь продолжение цвет это значить друг пройти увидеть осторожно припев вокруг лихой привычный слишком тонко любить весь господь тихо любить весь господь громко любить весь господь тихо любить весь господи
"Сплин - Выхода нет


[Куплет 1]
Сколько лет прошло, всё о том же гудят провода
Всё того же ждут самолёты
Девочка с глазами из самого синего льда
Тает под огнём пулемёта
Должен же растаять хоть кто-то

[Припев]
Скоро рассвет
Выхода нет
Ключ поверни и полетели
Нужно вписать
В чью-то тетрадь
Кровью, как в метрополитене:
«Выхода нет»
Выхода нет

[Куплет 2]
Где-то мы расстались — не помню в каких городах
Словно это было в похмелье
Через мои песни идут и идут поезда
Исчезая в тёмном тоннеле
Лишь бы мы проснулись в одной постели
See Сплин (Splean) Live
Get tickets as low as $135
You might also like
SAVE DAT
Toxi$ & Егор Крид (Egor Kreed)
GoodDayFlopTray
DJ Stonik1917
So Long, London
Taylor Swift
[Припев]
Скоро рассвет
Выхода нет
Ключ поверни и полетели
Нужно вписать
В чью-то тетрадь
Кровью, как в метрополитене:
«Выхода нет»
Выхода нет

[Куплет 3]
Сколько лет пройдёт, всё о том же гудеть проводам
Всё того же ждать самолётам
Девочка с глазами из самого синего льда
Тает под огнём пулемёта
Лишь бы мы проснулись с тобой в одной постели

[Припев]
Скоро рассвет
Выхода нет
Ключ поверни и полетели
Нужно вписать
В чью-то тетрадь
Кровью, как в метрополитене:
«Выхода нет»
Выхода нет
Выхода нет
Выхода нет",сплин выход куплет сколько год пройти весь гудеть провод весь ждать самолет девочка глаз синий лед таять огонь пулемет должный растаять припев скоро рассвет выход ключ повернуть полететь нужный вписать чей тетрадь кровь метрополитен выход выход куплет расстаться помнить город словно это похмелие песня идти идти поезд исчезая темный тоннель лишь проснуться постель сплин егор крид припев скоро рассвет выход ключ повернуть полететь нужный вписать чей тетрадь кровь метрополитен выход выход куплет сколько год пройти весь гудеть проводы ждать самолет девочка глаз синий лед таять огонь пулемет лишь проснуться постель припев скоро рассвет выход ключ повернуть полететь нужный вписать чей тетрадь кровь метрополитен выход выход выход выход
"Сплин - Моё сердце

[Куплет 1]
Мы не знали друг друга до этого лета
Мы болтались по свету, земле и воде
И совершенно случайно мы взяли билеты
На соседние кресла на большой высоте

[Припев]
И моё сердце остановилось
Моё сердце замерло
Моё сердце остановилось
Моё сердце замерло

[Куплет 2]
И ровно тысячу лет мы просыпаемся вместе
Даже если уснули в разных местах
Мы идём ставить кофе под Элвиса Пресли
Кофе сбежал под Propellerheads, ах!

[Припев]
И моё сердце остановилось
Моё сердце замерло
Моё сердце остановилось
Моё сердце замерло

[Куплет 3]
И, может быть, ты не стала звездой в Голливуде
Не выходишь на подиум в нижнем белье
У тебя не берут автографы люди
И поёшь ты чуть тише, чем Монсеррат Кабалье
Ну так и я, слава Богу, не Рики, не Мартин
Не выдвигался на Оскар, французам не забивал
Моим именем не назван город на карте
Но задёрнуты шторы и разложен диван

[Припев]
И моё сердце остановилось
Моё сердце замерло
Моё сердце остановилось
Моё сердце замерло

[Гитарное соло]

[Куплет 4]
Я наяву вижу то, что многим даже не снилось
Не являлось под кайфом, не стучалось в стекло
Моё сердце остановилось
Отдышалось немного и снова пошло

[Припев]
И моё сердце остановилось
Моё сердце замерло
И моё сердце остановилось
Моё сердце замерло
И, моё сердце, hasta la vista
Моё сердце замерло
Моё сердце остановилось
Моё сердце замерло",сплин сердце куплет знать друг друг это лето болтаться свет земля вода совершенно случайно взять билет соседний кресло большой высота припев сердце остановиться сердце замереть сердце остановиться сердце замереть куплет ровно тысяча год просыпаться вместе уснуть разный место идти ставить кофе элвис пресли кофе сбежать припев сердце остановиться сердце замереть сердце остановиться сердце замереть куплет мочь стать звезда голливуд выходить подиум нижний белье брать автограф человек петь тихий монсеррат кабалье слава бог рик мартин выдвигаться оскар француз забивать имя назвать город карта задернуть штора разложить диван припев сердце остановиться сердце замереть сердце остановиться сердце замереть гитарный соло куплет наяву видеть многий сниться являться кайф стучаться стекло сердце остановиться отдышаться немного снова пойти припев сердце остановиться сердце замереть сердце остановиться сердце замереть сердце сердце замереть сердце остановиться сердце замереть
"Сплин - Романс 

[Куплет 1]
И лампа не горит
И врут календари
И если ты давно хотела что-то мне сказать, то говори
Любой обманчив звук
Страшнее тишина
Когда в самый разгар веселья падает из рук бокал вина
И черный кабинет
И ждет в стволе патрон
Так тихо, что я слышу, как идет на глубине вагон метро

[Куплет 2]
На площади полки
Темно в конце строки
И в телефонной трубке, эти много лет спустя, одни гудки
И где-то хлопнет дверь
И дрогнут провода
«Привет!»
Мы будем счастливы теперь и навсегда
«Привет!»
Мы будем счастливы теперь и навсегда",сплин романс куплет лампа гореть врать календарь давно хотеть сказать говорить любой обманчив звук страшнее тишина самый разгар веселие падать рука бокал вино черный кабинет ждать ствол патрон тихий слышать идти глубина вагон метро куплет площадь полок темный конец строка телефонный трубка год спустя гудок хлопнуть дверь дрогнуть провод привет счастливый навсегда привет счастливый навсегда
"Сплин - Передайте это Гарри Поттеру, если вдруг его встретите
[Куплет 1]
Гарри, привет, как дела, приятель
Надеюсь, что ты там еще не спятил
Низкий поклон от всей нашей братии
С этих глухих болот
Нас окружают сплошные маглы
И рожи у них такие злые и наглые
А ты как всегда торчишь в своей Англии
На остальное задвинув болт

[Куплет 2]
Гарри, скорей прилетай, ты нужен
А то нерушимый совсем разрушен
Из всех проплешин, из всех проушин
Они выкачивают нефть и газ
По воле бога и согласно плану
Скоро нас всех поведут на плаху
Ты захвати волшебную палку
Чтобы двинуть им между глаз

[Припев]
Гарри, всё это не очень нормально
Жизнь как качели — то вира, то майна
Так что дружище, биткоины майня
Не забывай про нас
Не забывай, почувствуй, волшебник
То, как на шею давит ошейник
Не забывай нас, ты слышишь, отшельник
Иногда покидай Парнас",сплин передать это гарри поттер встретить куплет гарри привет дело приятель надеяться спятить низкий поклон весь наш братия глухой болото окружать сплошной магл рожа злой наглый торчать свой англия остальной задвинув болт куплет гарри скорый прилетать нужный нерушимый разрушить весь проплешина весь проушина выкачивать нефть газ воля бог согласно план скоро весь повести плаха захватить волшебный палка двинуть глаз припев гарри весь это очень нормально жизнь качели вира майна дружище биткоина майня забывать забывать почувствуй волшебник шея давить ошейник забывать слышать отшельник покидать парнас
"Сплин - Орбит без сахара
[Куплет 1]
Все таблетки подъедены
Марки тоже наклеены
Тишина в холодильнике
На дачу смылись родители

[Припев]
Она жуёт свой Орбит без сахара
И вспоминает тех, о ком плакала
Она жуёт свой Орбит без сахара
И ненавидит тех, о ком плакала

[Куплет 2]
Автоответчик пишет послания
CD поставлен на паузу
Родригез будет жить ещё долго
А Дюк Нюкем должен умереть

[Припев]
Она жуёт свой Орбит без сахара
И ненавидит тех, о ком плакала
Она жуёт свой Орбит без сахара
И вспоминает тех, о ком плакала

[Куплет 3]
Она ходила голой на лестницу
Ходила голой на улицу
Она хотела даже повеситься
Но институт, экзамены, сессия

[Припев]
Она жуёт свой Орбит без сахара
И вспоминает тех, о ком плакала
Она жуёт свой Орбит без сахара
И ненавидит тех, о ком плакала
А ты жуй-жуй свой Орбит без сахара
И вспоминай всех тех, кого…
А ты жуй-жуй свой Орбит без сахара
И ненавидь всех тех, кого…",сплин орбита сахар куплет весь таблетка подъедены марка наклеить тишина холодильник дача смыться родитель припев жевать свой орбита сахар вспоминать кома плакать жевать свой орбита сахар ненавидеть плакать куплет автоответчик писать послание поставить пауза родригеза жить долго дюк нюкем должный умереть припев жевать свой орбита сахар ненавидеть плакать жевать свой орбита сахар вспоминать плакать куплет ходить голый лестница ходить голый улица хотеть повеситься институт экзамен сессия припев жевать свой орбита сахар вспоминать кома плакать жевать свой орбита сахар ненавидеть плакать жевать жевать свой орбита сахар вспоминать весь жевать жевать свой орбита сахар ненавидеть весь
"Сплин - Танцуй! 

[Куплет 1]
Волна бежит на этот берег
Волна бежит и что-то бредит
И звёзды падают за ворот
И ковш на небе перевёрнут
И в голове смешались мысли
И босиком с бутылкой виски
Мы изучаем этот берег
Волна бежит и что-то бредит
Вокруг вода, песок и камни
И время меряя глотками
И всех вокруг как ветром сдуло
Нас как магнитом притянуло
Друг к другу, и теперь на берег
Волна бежит и что-то бредит
И звёзды падают за ворот
И ковш на небе перевёрнут

[Припев]
Ещё глоток, и мы горим
На раз, два, три
Потом не жди и не тоскуй
Гори огнём твой третий Рим
Лови мой ритм
Танцуй, танцуй, танцуй, танцуй, танцуй, танцуй

[Куплет 2]
Мы странно оказались рядом
Приняв одну микстуру с ядом
Теперь мы принимаем виски
И в голове смешались мысли
Вокруг вода, песок и камни
И время меряя глотками
Мы изучаем этот берег
Волна бежит и что-то бредит
Хочу уснуть и не проснуться
Уйти в моря и не вернуться
Или вернуться, только вместе
С тобой так много интересней
С тобой так много интересного
Вокруг совсем не тесно
Без площадей, вокзалов, станций
Без этих всех цивилизаций

[Припев]
Ещё глоток, и мы горим
На раз, два, три
Потом не жди и не тоскуй
Гори огнём твой третий Рим
Лови мой ритм
Танцуй, танцуй, танцуй, танцуй, танцуй, танцуй",сплин танцевать куплет волна бежать берег волна бежать бредить звезда падать ворота ковш небо перевернуть голова смешаться мысль босиком бутылка виски изучать берег волна бежать бредить вокруг вода песок камень время меряя глотка весь вокруг ветер сдуть магнит притянуть друг друг берег волна бежать бредить звезда падать ворота ковш небо перевернуть припев глоток гореть ждать тосковать гори огонь твой третий рим ловить ритм танцевать танцуй танцуй танцуй танцуй танцуй куплет странно оказаться рядом принять микстура принимать виски голова смешаться мысль вокруг вода песок камень время меряя глотка изучать берег волна бежать бредить хотеть уснуть проснуться уйти море вернуться вернуться вместе интересней интересный вокруг тесно площадь вокзал станция весь цивилизация припев глоток гореть ждать тосковать гори огонь твой третий рим ловить ритм танцевать танцуй танцуй танцуй танцуй танцуй
"Земфира - ИСКАЛА 

[Куплет 1]
Я искала тебя годами долгими
Искала тебя дворами тёмными
В журналах, в кино, среди друзей
В день, когда нашла, с ума сошла

[Припев]
Ты совсем как во сне
Совсем как в альбомах
Где я рисовала тебя гуашью

[Куплет 2]
Дальше были звонки ночные больше
Слёзы, нервы, любовь и стрелки в Польше
Веки, но не мои, и старые зазнобы
Куришь каждые пять, мы устали оба

[Припев]
Ты совсем как во сне
Совсем как в альбомах
Где я рисовала тебя гуашью

[Бридж]
Годами долгими
Ночами тёмными
Годами долгими

[Припев]
Ты совсем как во сне
Совсем как в альбомах
Где я рисовала тебя гуашью
Ты совсем как во сне
Совсем как в альбомах
Где я рисовала тебя гуашью

[Аутро]
Я искала тебя годами долгими
Искала тебя дворами тёмными
В журналах, в кино годами долгими
Искала тебя ночами-чами-чами
Чами-чами-чами-чами
Чами-чами-чами-чами
Чами-чами-чами-чами
Чами-чами-чами-чами
Чами-чами-чами-чами
Чами-чами-чами-чами
Чами-чами-чами-чами
Чами-чами-чами",земфира искать куплет искать годами долгий искать двор темный журнал кино среди друг день найти сойти припев сон альбом рисовать гуашь куплет далекий звонок ночное большой слеза нерв любовь стрелка польша веко старый зазноба куришь каждый пять устать оба припев сон альбом рисовать гуашь бридж год долгий ночь темный год долгий припев сон альбом рисовать гуашью сон альбом рисовать гуашь аутро искать годами долгий искать двор темный журнал кино год долгий искать ночами чами чами чами чами чами чами чами чами чами чами чами чами чами чами чами чами чами чами чами чами чами чами чами чами чами чами чами чами чами чами чами чами чами
"Земфира - ХОЧЕШЬ?
[Куплет 1]
Пожалуйста, не умирай
Или мне придётся тоже
Ты, конечно, сразу в рай
А я не думаю, что тоже

[Припев]
Хочешь сладких апельсинов?
Хочешь вслух рассказов длинных?
Хочешь, я взорву все звёзды
Что мешают спать?

[Куплет 2]
Пожалуйста, только живи
Ты же видишь: я живу тобою
Моей огромной любви
Хватит нам двоим с головою

[Припев]
Хочешь в море с парусами?
Хочешь музык новых самых?
Хочешь, я убью соседей
Что мешают спать?

[Припев]
Хочешь солнце вместо лампы?
Хочешь за окошком Альпы?
Хочешь, я отдам все песни?
Про тебя отдам все песни
Хочешь солнце вместо лампы?
Хочешь за окошком Альпы?
Хочешь, я отдам все песни?
Про тебя отдам все песни я",земфира хотеть куплет пожалуйста умирать прийтись сразу рай думать припев хотеть сладкий апельсин хотеть вслух рассказов длинный хотеть взорвать весь звезда мешать спать куплет пожалуйста живить видеть жить огромный любовь хватить двое голова припев хотеть море парус хотеть музыка новый самый хотеть убить сосед мешать спать припев хотеть солнце вместо лампа хотеть окошко альп хотеть отдать весь песня отдать весь песня хотеть солнце вместо лампа хотеть окошко альп хотеть отдать весь песня отдать весь песня
"Земфира - ромашки 
[Куплет 1]
Привет, ромашки
Кидайте деньги
Читайте книжки
Дурной мальчишка ушёл, такая фишка
Нелепый мальчишка

[Припев]
А я девочка с плеером
С веером вечером не ходи
Да ты не такой, как все
И не любишь дискотеки
Я не буду тебя спасать
Догонять, вспоминать, целовать
Меньше всего нужны
Мне твои камбэки, о

[Интерлюдия]
У-на-на-хей

[Куплет 2]
Привет, ромашки
Платите в кассы
Взрывайте шашки
Его компашки летят с многоэтажек
Как стая ромашек

[Припев]
А я девочка с плеером
С веером вечером не ходи
Да ты не такой, как все
И не любишь дискотеки
Я не буду тебя спасать
Догонять, вспоминать, целовать
Меньше всего нужны
Мне твои камбэки
Я девочка с плеером
С веером вечером не ходи
Да ты не такой, как все
И не любишь дискотеки
Я не буду тебя спасать
Догонять, вспоминать, целовать
Меньше всего нужны
Мне твои камбэки, о",земфира ромашка куплет привет ромашка кидать деньга читать книжка дурной мальчишка уйти фишка нелепый мальчишка припев девочка плеер веер вечер ходить весь любить дискотека спасать догонять вспоминать целовать меньше весь нужный твой камбэк интерлюдия хей куплет привет ромашка платить касса взрывайте шашка компашка лететь многоэтажка стая ромашка припев девочка плеер веер вечер ходить весь любить дискотека спасать догонять вспоминать целовать меньше весь нужный твой камбэки девочка плеер веер вечер ходить весь любить дискотека спасать догонять вспоминать целовать меньше весь нужный твой камбэк
"Земфира - П.М.М.Л.

[Куплет 1]
Море обнимет, закопает в пески
Закинут рыболовы лески
Поймают в сети наши души
Прости меня, моя любовь
Поздно, о чём-то думать слишком поздно
Тебе, я чую, нужен воздух
Лежим в такой огромной луже
Прости меня, моя любовь

[Инструментальны припев]

[Куплет 2]
Джинсы воды набрали и прилипли
Мне кажется, мы крепко влипли
Мне кажется, потухло солнце
Прости меня, моя любовь
Тихо, не слышно ни часов, ни чаек
Послушно сердце выключаем
И ты в песке как будто в бронзе
Прости меня, моя любовь",земфира куплет море обнимет закопать песок закинуть рыболов леска поймать сеть наш душа простить любовь поздно думать слишком поздно чуять нужный воздух лежать огромный лужа простить любовь инструментальны припев куплет джинсы вода набрать прилипнуть казаться крепко влипнуть казаться потухнуть солнце простить любовь тихо слышно час чаек послушно сердце выключать песок бронза простить любовь
"Земфира - лампочки 
[Рефрен]
Время сжигать мосты, время искать ответ
И менять сгоревшие лампочки
Время сжигать мосты, время искать ответ
И менять сгоревшие лампочки

[Куплет 1]
Длинная ночь, нервные дни
И в квартире накурено, очень накурено
И дождь с утра зарядил, и вздох остался внутри
И моё сердце не выдержит, точно не выдержит

[Припев]
И я живу как в бреду, я просто пытаюсь быть
Я маленький человек, мне нужно куда-то плыть
Мне нужен какой-то свет, чтоб видеть хотя бы сны

[Рефрен]
Время сжигать мосты, время искать ответ
И менять сгоревшие лампочки
Время сжигать мосты, время искать ответ
И менять сгоревшие лампочки

[Куплет 2]
Нет кораблей, нет ни души
И на улице холодно, страшно и холодно
И тени от фонарей, и дальний свет от машин
И моё сердце не выдержит, точно не выдержит

[Припев]
И я живу как в бреду, я просто пытаюсь быть
Я маленький человек, мне нужно куда-то плыть
Мне нужен какой-то свет, чтоб видеть хотя бы сны
Чтоб видеть хотя бы сны",земфира лампочка рефрен время сжигать мост время искать ответ менять сгореть лампочка время сжигать мост время искать ответ менять сгореть лампочка куплет длинный ночь нервный день квартира накурить очень накурить дождь утро зарядить вздох остаться внутри сердце выдержать точно выдержать припев жить бред просто пытаться маленький человек нужный плыть нужный свет видеть хотя сон рефрен время сжигать мост время искать ответ менять сгореть лампочка время сжигать мост время искать ответ менять сгореть лампочка куплет корабль душа улица холодный страшный холодный тень фонарь дальний свет машина сердце выдержать точно выдержать припев жить бред просто пытаться маленький человек нужный плыть нужный свет видеть хотя сон видеть хотя сон
"КИШ - Рыбак
Сидел на озере рыбак,
В лодке с удочкой дремал.
И потому не замечал,
Как на воду лег туман.
А потом увидел он,
Белый пар со всех сторон.
Что мне делать, как мне быть?
Как узнать, куда мне плыть?
Как узнать, куда мне плыть?

Посмотрел вперед, назад,
И поплыл он наугад.
Но коснулось дна весло –
Берег рядом – повезло!

И рыбак пришел домой,
Дверь толкнул своей рукой.
Видит в комнате жена,
Словно статуя она,
И не смотрит на него она!

За окном застыла ночь,
Неподвижна в люльке дочь,
Над плитой часы стоят,
Мухи в воздухе висят.
Сын стоит, разинув рот,
И, в прыжке со стула, замер кот…",киш рыбак сидеть озеро рыбак лодка удочка дремать замечать вода лечь туман увидеть белый пар весь сторона делать узнать плыть узнать плыть посмотреть вперед назад поплыть наугад коснуться дно весло берег рядом повезти рыбак прийти домой дверь толкнуть свой рука видеть комната жена словно статуя смотреть окно застынуть ночь неподвижный люлька дочь плита час стоять муха воздух висеть сын стоить разинуть рот прыжок стул замер кот
"КИШ - Дурак и молния

Грохочет гром,
Сверкает молния в ночи,
А на холме стоит безумец и кричит:
«Сейчас поймаю тебя в сумку,
И сверкать ты будешь в ней
Мне так хочется, чтоб стала ты моей!»

То парень к лесу мчится,
То к полю, то к ручью,
Всё поймать стремится
Молнию!

Весь сельский люд,
Смотреть на это выходил,
Как на холме безумец бегал и чудил.
Он, видно, в ссоре с головою,
Видно, сам себе он враг,
Надо ж выдумать такое – во дурак!

То парень к лесу мчится,
То к полю, то к ручью,
Всё поймать стремится
Молнию!

Утром по сельской дороге,
Медленно шёл ночной герой,
Весь лохматый и седой,
И улыбался…

То парень к лесу мчится,
То к полю, то к ручью,
Всё поймать стремится
Молнию!",киш дурак молния грохотать гром сверкать молния ночь холм стоить безумец кричать поймать сумка сверкать хотеться стать парень лес мчаться поле ручей весь поймать стремиться молнию весь сельский люд смотреть это выходить холм безумец бегать чудить видно ссора голова видно враг выдумать дурак парень лес мчаться поле ручей весь поймать стремиться молния утро сельский дорога медленно идти ночной герой весь лохматый седой улыбаться парень лес мчаться поле ручей весь поймать стремиться молния
"КИШ - Мария
На руках тебя я к машине подношу
И сажаю в кресло рядом с собой.
Ты теперь молчишь, ты мне нравишься такой,
И навеки обрела ты покой.

Ты теперь моя,
Навсегда моя!
Ты молчишь,
А я улыбаюсь, Мария!

Помнишь, ты вчера мне сказала,
Будто я ненавистен для тебя стал вдруг?
Помнишь ли тот миг, как в обьятиях моих ощутила
Как расстроен твой друг?

Мчит машина нас прочь от вездесущих глаз,
Прочь от всех, кто может нам помешать.
Ты, наверно, счас что-то хочешь мне сказать,
Слов не надо – мы вместе опять!

В дальние края увезу тебя,
Где найдём с тобой наше счастье,
Слышишь, а?
Знай, что смерть твоя –
Это жизнь моя.
Радости моей отдалась ты, Мария!",киш мария рука машина подносить сажать кресло рядом молчать нравиться навеки обрести покой навсегда молчать улыбаться мария помнить вчера сказать ненавистный стать помнить миг обьятие ощутить расстроить твой друг мчать машина прочь вездесущий глаз прочь весь мочь помешать наверно счас хотеть сказать слово вместе дальний край увезти найти наш счастие слышать знать смерть твой это жизнь радость отдаться мария
"КИШ - Мотоцикл

Злился подо мной мотоцикл мой.
Ночью он мчал меня домой.
Глядя на поля, не заметил я,
Что кто-то чешет прямо на меня

И раздался крик во мгле,
Кровь в лицо попала мне!
Кто-то сзади голосил,
А я гнал, что было сил!

Тот ужасный крик всё звучал в ушах моих,
Но я всё дальше уезжал.
Что ж я натворил, я же человека сбил,
Но он проехать мне мешал.

И раздался крик во мгле,
Кровь в лицо попала мне!
Кто-то сзади голосил,
А я гнал, что было сил!

Утром, сам не свой, прибыл я домой,
И, лишь зажег я в спальне свет,
Хочешь – верь, не верь, на кровати на моей
Лежал кровавый человек.

И раздался крик во мгле,
Кровь в лицо попала мне!
Кто-то сзади голосил,
А я гнал, что было сил!",киш мотоцикл злиться мотоцикл ночь мчать домой глядеть поле заметить чесать прямо раздаться крик мгла кровь лицо попасть сзади голосить гнать сила ужасный крик звучать ухо далекий уезжать натворить человек сбить проехать мешать раздаться крик мгла кровь лицо попасть сзади голосить гнать сила утро свой прибыть домой лишь зажечь спальня свет хотеть верить верить кровать лежать кровавый человек раздаться крик мгла кровь лицо попасть сзади голосить гнать сила
"КИШ - Лесные разборки

Никому никогда не стремился зла я причинять,
Причинять.
Но тот не прав, ох, не прав, кто свободу у меня хотел отнять,
Отнять!
Все к чертям! Всех к чертям! От закона, от своих врагов
Я в лес ушел.
И с одной бандой лесной интересы общие нашел,
Нашел!

Мы четко знаем работу свою,
Эй, богатый скупец, берегись!
Не сохранить тебе шкуру твою,
Только нам ты в лесу попадись!
Не нужно нам злата и серебра,
Деньги людям мы все отдадим.
Простому народу не сделаем зла –
С миром проходи!

В глуши лесной под сосной с бандой волосатых мужиков
Жил я.
За разбой, грабеж и разбой, все, все, все охотились за мной,
Искали меня.
Каждый бес-головорез за мною рыскал по пятам,
По пятам.
Но имели вес мой нож и обрез и это поняли все те, кто уже там,
Уже там!

Мы четко знаем работу свою,
Эй, богатый скупец, берегись!
Не сохранить тебе шкуру твою,
Только нам ты в лесу попадись!
Не нужно нам злата и серебра,
Деньги людям мы все отдадим.
Простому народу не сделаем зла –
С миром проходи!",киш лесной разборка никто стремиться зло причинять причинять правый правый свобода хотеть отнять отнять весь черт весь черт закон свой враг лес уйти банда лесной интерес общий найти найти четко знать работа свой богатый скупец беречься сохранить шкура твой лес попадись нужный злато серебро деньга человек весь отдать простой народ сделать зло мир проходить глушь лесной сосна банда волосатый мужик жить разбой грабеж разбой весь весь весь охотиться искать каждый бес головорез рыскать пята пята иметь вес нож обрез это понять весь четко знать работа свой богатый скупец беречься сохранить шкура твой лес попадись нужный злато серебро деньга человек весь отдать простой народ сделать зло мир проходить
"КИШ - Садовник
Целый вечер нет покоя парню от его сестёр:
«Ты сходи, – говорят, – ночной порою за цветами в сад чужой,
Тот садовник, что живёт у леса,
У него ведь сад такой чудесный…»

И решил парень тут:
«Ладно, в сад я пойду,
А то эти бабы доведут,
Покоя не дадут!!!»

И лишь час подошёл,
Взял он нож и пошёл,
Под покровом темноты
В чужой сад, рвать цветы!

«Ты пойди, пойди, братец, в сад чужой,
Набери цветов принеси домой,
Братец, в сад чужой, ты, пойди, пойди
И чужих цветов ты нам принеси. Хэй-хэй!»

Час прошёл, другой прошёл,
Брат назад всё не шёл,
Сёстры начали переживать –
Сколько можно брата ждать!

За окошком рассвет,
Ну а брата всё нет,
Но едва запели петухи
У двери раздались шаги!

«Ты пойди, пойди, братец, в сад чужой,
Набери цветов принеси домой,
Братец, в сад чужой, ты пойди, пойди
И чужих цветов ты нам принеси. Хэй-хэй!»

И с улыбкой во весь рот,
В дом вошёл садовод,
Положил на стол букет цветов и сгинул,
Без лишних слов!

И открыли сёстры рты,
Посмотрев на цветы –
Голова их брата средь цветов лежала
У-А-А-А-А-А-А!!!

«Ты пойди, пойди, братец, в сад чужой,
Набери цветов принеси домой,
Братик, в сад чужой, ты пойди, пойди
И чужих цветов ты нам принеси. Хэй-хэй!»",киш садовник целый вечер покой парень сестра сходить говорить ночной порою цвет сад чужой садовник жить лес сад чудесный решить парень ладно сад пойти баба довести покой дать лишь час подойти взять нож пойти покров темнота чужой сад рвать цветок пойти пойти братец сад чужой набери цвет принести домой братец сад чужой пойти пойти чужой цвет принести хэй хэй час пройти пройти брат назад весь идти сестра начать переживать сколько брат ждать окошко рассвет брат весь едва запеть петух дверь раздаться шаг пойти пойти братец сад чужой набери цвет принести домой братец сад чужой пойти пойти чужой цвет принести хэй хэй улыбка весь рот дом войти садовод положить стол букет цвет сгинуть лишний слово открыть сестра рот посмотреть цветок голова брат средь цвет лежать пойти пойти братец сад чужой набери цвет принести домой братик сад чужой пойти пойти чужой цвет принести хэй хэй
