text,label,processed_text
"1. Александр Пушкин - У лукоморья дуб зелёный
У лукоморья дуб зелёный;
Златая цепь на дубе том:
И днём и ночью кот учёный
Всё ходит по цепи кругом;
Идёт направо — песнь заводит,
Налево — сказку говорит.
Там чудеса: там леший бродит,
Русалка на ветвях сидит;
Там на неведомых дорожках
Следы невиданных зверей;
Избушка там на курьих ножках
Стоит без окон, без дверей;
Там лес и дол видений полны;
Там о заре прихлынут волны
На брег песчаный и пустой,
И тридцать витязей прекрасных
Чредой из вод выходят ясных,
И с ними дядька их морской;
Там королевич мимоходом
Пленяет грозного царя;
Там в облаках перед народом
Через леса, через моря
Колдун несёт богатыря;
В темнице там царевна тужит,
А бурый волк ей верно служит;
Там ступа с Бабою Ягой
Идёт, бредёт сама собой,
Там царь Кащей над златом чахнет;
Там русский дух… там Русью пахнет!
И там я был, и мёд я пил;
У моря видел дуб зелёный;
Под ним сидел, и кот учёный
Свои мне сказки говорил.",1,александр пушкин лукоморье дуб зеленый лукоморье дуб зеленый златой цепь дубе день ночь кот ученый ходить цепь кругом идти направо песня заводить налево сказка говорить чудо леший бродить русалка ветвь сидеть неведомый дорожка след невиданный зверь избушка курий ножка стоить окно дверь лес дол видение полный заря прихлынут волна брег песчаный пустой тридцать витязь прекрасный чреда вода выходить ясных дядька морской королевич мимоходом пленять грозный царь облако народ лес море колдун нести богатырь темница царевна тужить бурый волк верно служить ступа баба яга идти брести царь кить златой чахнуть русский дух русь пахнуть мед пить море видеть дуб зеленый сидеть кот ученый свой сказка говорить
"2. Александр Пушкин - Пророк
Духовной жаждою томим,
В пустыне мрачной я влачился, —
И шестикрылый серафим
На перепутье мне явился.
Перстами легкими как сон
Моих зениц коснулся он.
Отверзлись вещие зеницы,
Как у испуганной орлицы.
Моих ушей коснулся он, —
И их наполнил шум и звон:
И внял я неба содроганье,
И горний ангелов полет,
И гад морских подводный ход,
И дольней лозы прозябанье.
И он к устам моим приник,
И вырвал грешный мой язык,
И празднословный и лукавый,
И жало мудрыя змеи
В уста замершие мои
Вложил десницею кровавой.
И он мне грудь рассек мечом,
И сердце трепетное вынул,
И угль, пылающий огнем,
Во грудь отверстую водвинул.
Как труп в пустыне я лежал,
И бога глас ко мне воззвал:
«Восстань, пророк, и виждь, и внемли,
Исполнись волею моей,
И, обходя моря и земли,
Глаголом жги сердца людей».",1,александр пушкин пророк духовный жажда томить пустыня мрачный влачиться шестикрылый серафим перепутье явиться перст легкое сон зеница коснуться отверзтись вещий зеница испуганный орлицы ухо коснуться наполнить шум звон внять небо содрогание горний ангел полет гад морской подводный ход дольний лоза прозябание уста приникнуть вырвать грешный язык празднословный лукавый жало мудрыя змея уста замершие вложить десницею кровавый грудь рассечь меч сердце трепетный вынуть уголь пылать огонь грудь отверстый водвинуть труп пустыня лежать бог глас воззвать восстать пророк виждь внемлить исполниться воля обходить море земля глаголом жечь сердце человек
3. Александр Пушкин - Узник.,1,александр пушкин узник
"Сижу за решеткой в темнице сырой.
Вскормленный в неволе орел молодой,
Мой грустный товарищ, махая крылом,
Кровавую пищу клюет под окном,
Клюет, и бросает, и смотрит в окно,
Как будто со мною задумал одно.
Зовет меня взглядом и криком своим
И вымолвить хочет: «Давай улетим!
Мы вольные птицы; пора, брат, пора!
Туда, где за тучей белеет гора,
Туда, где синеют морские края,
Туда, где гуляем лишь ветер… да я!..»",1,сидеть решетка темница сырой вскормить неволя орел молодой грустный товарищ махая крыло кровавый пища клевать окно клевать бросать смотреть окно задумать звать взгляд крик свой вымолвить хотеть давай улететь вольный птица пора брат пора туда туча белеть гора туда синеть морской край туда гулять лишь ветер
"4.Александр Пушкин - Анчар
В пустыне чахлой и скупой,
На почве, зноем раскаленной,
Анчар, как грозный часовой,
Стоит — один во всей вселенной.
Природа жаждущих степей
Его в день гнева породила,
И зелень мертвую ветвей
И корни ядом напоила.
Яд каплет сквозь его кору,
К полудню растопясь от зною,
И застывает ввечеру
Густой прозрачною смолою.
К нему и птица не летит,
И тигр нейдет: лишь вихорь черный
На древо смерти набежит —
И мчится прочь, уже тлетворный.
И если туча оросит,
Блуждая, лист его дремучий,
С его ветвей, уж ядовит,
Стекает дождь в песок горючий.
Но человека человек
Послал к анчару властным взглядом,
И тот послушно в путь потек
И к утру возвратился с ядом.
Принес он смертную смолу
Да ветвь с увядшими листами,
И пот по бледному челу
Струился хладными ручьями;
Принес — и ослабел и лег
Под сводом шалаша на лыки,
И умер бедный раб у ног
Непобедимого владыки.
А царь тем ядом напитал
Свои послушливые стрелы
И с ними гибель разослал
К соседям в чуждые пределы.",1,александр пушкин анчар пустыня чахлый скупой почва зной раскалить анчар грозный часовой стоить весь вселенная природа жаждать степь день гнев породить зелень мертвый ветвь корень напоить капать сквозь кора полдень растопясь зной застывать ввечеру густой прозрачный смола птица лететь тигр нейти лишь вихрь черный древо смерть набежать мчаться прочь тлетворный туча оросить блуждая лист дремучий ветвь ядовитый стекать дождь песок горючий человек человек послать анчар властный взгляд послушно путь потек утро возвратиться принести смертный смола ветвь увядший лист пот бледный чело струиться хладный ручей принести ослабеть лечь свод шалаш лыко умереть бедный раб нога непобедимый владыка царь напитать свой послушливый стрела гибель разослать сосед чуждый предел
"5. Александр Пушкин -  К Чаадаеву
Любви, надежды, тихой славы
Недолго нежил нас обман,
Исчезли юные забавы,
Как сон, как утренний туман;
Но в нас горит еще желанье,
Под гнетом власти роковой
Нетерпеливою душой
Отчизны внемлем призыванье.
Мы ждем с томленьем упованья
Минуты вольности святой,
Как ждет любовник молодой
Минуты верного свиданья.
Пока свободою горим,
Пока сердца для чести живы,
Мой друг, отчизне посвятим
Души прекрасные порывы!
Товарищ, верь: взойдет она,
Звезда пленительного счастья,
Россия вспрянет ото сна,
И на обломках самовластья
Напишут наши имена!",1,александр пушкин чаадаев любовь надежда тихий слава недолго нежил обман исчезнуть юный забава сон утренний туман гореть желание гнет власть роковой нетерпеливый душа отчизна внемлемый призывание ждать томление упование минута вольность святой ждать любовник молодой минута верный свиданья пока свободою горим пока сердце честь живой друг отчизна посвятить душа прекрасный порыв товарищ верь взойти звезда пленительный счастие россия вспрянет сон обломок самовластие написать наш имя
"6.Михаил Лермонтов - Бородино
— Скажи-ка, дядя, ведь не даром
Москва, спаленная пожаром,
Французу отдана?
Ведь были ж схватки боевые,
Да, говорят, еще какие!
Недаром помнит вся Россия
Про день Бородина!
— Да, были люди в наше время,
Не то, что нынешнее племя:
Богатыри — не вы!
Плохая им досталась доля:
Немногие вернулись с поля…
Не будь на то господня воля,
Не отдали б Москвы!
Мы долго молча отступали,
Досадно было, боя ждали,
Ворчали старики:
«Что ж мы? на зимние квартиры?
Не смеют, что ли, командиры
Чужие изорвать мундиры
О русские штыки?»
И вот нашли большое поле:
Есть разгуляться где на воле!
Построили редут.
У наших ушки на макушке!
Чуть утро осветило пушки
И леса синие верхушки —
Французы тут как тут.
Забил заряд я в пушку туго
И думал: угощу я друга!
Постой-ка, брат мусью!
Что тут хитрить, пожалуй к бою;
Уж мы пойдем ломить стеною,
Уж постоим мы головою
За родину свою!
Два дня мы были в перестрелке.
Что толку в этакой безделке?
Мы ждали третий день.
Повсюду стали слышны речи:
«Пора добраться до картечи!»
И вот на поле грозной сечи
Ночная пала тень.
Прилег вздремнуть я у лафета,
И слышно было до рассвета,
Как ликовал француз.
Но тих был наш бивак открытый:
Кто кивер чистил весь избитый,
Кто штык точил, ворча сердито,
Кусая длинный ус.
И только небо засветилось,
Все шумно вдруг зашевелилось,
Сверкнул за строем строй.
Полковник наш рожден был хватом:
Слуга царю, отец солдатам…
Да, жаль его: сражен булатом,
Он спит в земле сырой.
И молвил он, сверкнув очами:
«Ребята! не Москва ль за нами?
Умремте ж под Москвой,
Как наши братья умирали!»
И умереть мы обещали,
И клятву верности сдержали
Мы в Бородинский бой.
Ну ж был денек! Сквозь дым летучий
Французы двинулись, как тучи,
И всё на наш редут.
Уланы с пестрыми значками,
Драгуны с конскими хвостами,
Все промелькнули перед нами,
Все побывали тут.
Вам не видать таких сражений!..
Носились знамена, как тени,
В дыму огонь блестел,
Звучал булат, картечь визжала,
Рука бойцов колоть устала,
И ядрам пролетать мешала
Гора кровавых тел.
Изведал враг в тот день немало,
Что значит русский бой удалый,
Наш рукопашный бой!..
Земля тряслась — как наши груди,
Смешались в кучу кони, люди,
И залпы тысячи орудий
Слились в протяжный вой…
Вот смерклось. Были все готовы
Заутра бой затеять новый
И до конца стоять…
Вот затрещали барабаны —
И отступили бусурманы.
Тогда считать мы стали раны,
Товарищей считать.
Да, были люди в наше время,
Могучее, лихое племя:
Богатыри — не вы.
Плохая им досталась доля:
Немногие вернулись с поля.
Когда б на то не божья воля,
Не отдали б Москвы!",1,михаил лермонтов бородино сказать дядя даром москва спалить пожар француз отдать схватка боевой говорить недаром помнить весь россия день бородин человек наш время нынешний племя богатырь плохой достаться доля немногие вернуться поле господень воля отдать москва долго молча отступать досадно бой ждать ворчать старик зимний квартира сметь командир чужой изорвать мундир русский штыки найти большой поле разгуляться воля построить редут наш ушко макушка утро осветило пушка лес синий верхушка француз забить заряд пушка тугой думать угостить друг постоять брат мусь хитрить пожалуй бой пойти ломить стена постоять голова родина свой день перестрелка толк этакий безделка ждать третий день повсюду стать слышный речь пора добраться картечь поле грозный сеча ночной пасть тень прилечь вздремнуть лафет слышный рассвет ликовать француз тихий наш бивак открытый кивер чистить весь избить штык точить ворча сердито кусать длинный небо засветиться весь шумно зашевелиться сверкнуть строй строй полковник наш родить хват слуга царь отец солдат жаль сразить булат спать земля сырой молвить сверкнув око ребята москва умереть москва наш брат умирать умереть обещать клятва верность сдержать бородинский бой денек сквозь дым летучий француз двинуться туча весь наш редут улан пестрый значок драгун конский хвост весь промелькнуть весь побывать видать сражение носиться знамя тень дым огонь блестеть звучать булат картечь визжать рука боец колоть устать ядрам пролетать мешать гора кровавый тело изведать враг день немало значить русский бой удалый наш рукопашный бой земля трястись наш грудь смешаться куча конь человек залп тысяча орудие слиться протяжный вой смерклось весь готовый заутра бой затеять новый конец стоять затрещать барабан отступить бусурмана считать стать рана товарищ считать человек наш время могучий лихой племя богатырь плохой достаться доля немногие вернуться поле божий воля отдать москва
"7.Михаил Лермонтов - Смерть поэта
Отмщенье, государь, отмщенье!
Паду к ногам твоим:
Будь справедлив и накажи убийцу,
Чтоб казнь его в позднейшие века
Твой правый суд потомству возвестила,
Чтоб видели злодеи в ней пример.
Погиб поэт! — невольник чести —
Пал, оклеветанный молвой,
С свинцом в груди и жаждой мести,
Поникнув гордой головой!..
Не вынесла душа поэта
Позора мелочных обид,
Восстал он против мнений света
Один, как прежде… и убит!
Убит!.. К чему теперь рыданья,
Пустых похвал ненужный хор
И жалкий лепет оправданья?
Судьбы свершился приговор!
Не вы ль сперва так злобно гнали
Его свободный, смелый дар
И для потехи раздували
Чуть затаившийся пожар?
Что ж? веселитесь… Он мучений
Последних вынести не мог:
Угас, как светоч, дивный гений,
Увял торжественный венок.
Его убийца хладнокровно
Навел удар… спасенья нет:
Пустое сердце бьется ровно,
В руке не дрогнул пистолет.
И что за диво?.. издалека,
Подобный сотням беглецов,
На ловлю счастья и чинов
Заброшен к нам по воле рока;
Смеясь, он дерзко презирал
Земли чужой язык и нравы;
Не мог щадить он нашей славы;
Не мог понять в сей миг кровавый,
На что он руку поднимал!..
И он убит — и взят могилой,
Как тот певец, неведомый, но милый,
Добыча ревности глухой,
Воспетый им с такою чудной силой,
Сраженный, как и он, безжалостной рукой.
Зачем от мирных нег и дружбы простодушной
Вступил он в этот свет завистливый и душный
Для сердца вольного и пламенных страстей?
Зачем он руку дал клеветникам ничтожным,
Зачем поверил он словам и ласкам ложным,
Он, с юных лет постигнувший людей?..
И прежний сняв венок — они венец терновый,
Увитый лаврами, надели на него:
Но иглы тайные сурово
Язвили славное чело;
Отравлены его последние мгновенья
Коварным шепотом насмешливых невежд,
И умер он — с напрасной жаждой мщенья,
С досадой тайною обманутых надежд.
Замолкли звуки чудных песен,
Не раздаваться им опять:
Приют певца угрюм и тесен,
И на устах его печать.
А вы, надменные потомки
Известной подлостью прославленных отцов,
Пятою рабскою поправшие обломки
Игрою счастия обиженных родов!
Вы, жадною толпой стоящие у трона,
Свободы, Гения и Славы палачи!
Таитесь вы под сению закона,
Пред вами суд и правда — всё молчи!..
Но есть и божий суд, наперсники разврата!
Есть грозный суд: он ждет;
Он не доступен звону злата,
И мысли, и дела он знает наперед.
Тогда напрасно вы прибегнете к злословью:
Оно вам не поможет вновь,
И вы не смоете всей вашей черной кровью
Поэта праведную кровь!",1,михаил лермонтов смерть поэт отмщение государь отмщение пасть нога твой справедливый наказать убийца казнь позднейшие век твой правый суд потомство возвестить видеть злодей пример погибнуть поэт невольник честь пасть оклеветанный молва свинец грудь жажда месть поникнув гордый голова вынести душа поэт позор мелочный обида восстать против мнение свет прежде убить убить рыдание пустой похвала ненужный хор жалкий лепет оправдание судьба свершиться приговор сперва злобно гнать свободный смелый дар потеха раздувать затаиться пожар веселитесь мучение последний вынести мочь угаснуть светоч дивный гений увялый торжественный венок убийца хладнокровно навести удар спасение пустой сердце биться ровно рука дрогнуть пистолет диво издалека подобный сотня беглец ловля счастие чин забросить воля рок смеясь дерзко презирать земля чужой язык нрав мочь щадить наш слава мочь понять сей миг кровавый рука поднимать убить взять могила певец неведомый милый добыча ревность глухой воспеть чудной сила сразить безжалостный рука мирный нега дружба простодушный вступить свет завистливый душный сердце вольный пламенный страсть рука дать клеветник ничтожный поверить слово ласкам ложный юный год постичь человек прежний снять венок венец терновый увить лавра надеть игла тайный сурово язвить славный чело отравить последний мгновение коварный шепот насмешливый невежда умереть напрасный жажда мщение досада тайна обмануть надежда замолкнуть звук чудной песня раздаваться приют певец угрюмый тесный уста печать надменный потомок известный подлость прославить отец пятою рабский попрать обломок игрою счастие обидеть род жадною толпа стоить трон свобода гений слава палач таиться сение закон пред суд правда молчать божий суд наперсник разврат грозный суд ждать доступный звон злато мысль дело знать наперед напрасно прибегнуть злословие оно помочь вновь смыть весь ваш черный кровь поэт праведный кровь
8. Михаил Лермонтов - Родина,1,михаил лермонтов родина
"Люблю отчизну я, но странною любовью!
Не победит ее рассудок мой.
Ни слава, купленная кровью,
Ни полный гордого доверия покой,
Ни темной старины заветные преданья
Не шевелят во мне отрадного мечтанья.
Но я люблю — за что, не знаю сам —
Ее степей холодное молчанье,
Ее лесов безбрежных колыханье,
Разливы рек ее, подобные морям;
Проселочным путем люблю скакать в телеге
И, взором медленным пронзая ночи тень,
Встречать по сторонам, вздыхая о ночлеге,
Дрожащие огни печальных деревень;
Люблю дымок спаленной жнивы,
В степи ночующий обоз
И на холме средь желтой нивы
Чету белеющих берез.
С отрадой, многим незнакомой,
Я вижу полное гумно,
Избу, покрытую соломой,
С резными ставнями окно;
И в праздник, вечером росистым,
Смотреть до полночи готов
На пляску с топаньем и свистом
Под говор пьяных мужичков.",1,любить отчизна странный любовь победить рассудок слава купить кровь полный гордый доверие покой темный старина заветный предание шевелить отрадный мечтание любить знать степь холодный молчание лес безбрежный колыхание разлив река подобный море проселочный путем любить скакать телега взор медленный пронзая ночь тень встречать сторона вздыхая ночлег дрожать огонь печальный деревня любить дымок спалить жнива степь ночевать обоз холм средь желтый нива чета белеть береза отрада многий незнакомый видеть полный гумно изба покрыть солома резной ставнями окно праздник вечер росистым смотреть полночь готовый пляска топанье свист говор пьяный мужичок
9.Михаил Лермонтов - Парус,1,михаил лермонтов парус
"Белеет парус одинокой
В тумане моря голубом!..
Что ищет он в стране далекой?
Что кинул он в краю родном?..
Играют волны — ветер свищет,
И мачта гнется и скрыпит…
Увы! он счастия не ищет
И не от счастия бежит!
Под ним струя светлей лазури,
Над ним луч солнца золотой…
А он, мятежный, просит бури,
Как будто в бурях есть покой!",1,белеть парус одинокий туман море голубой искать страна далекий кинуть край родный играть волна ветер свистать мачта гнуться скрыпит увы счастие искать счастие бежать струя светлеть лазурь луч солнце золотой мятежный просить буря буря покой
"10.Михаил Лермонтов - Тучи 
Тучки небесные, вечные странники!
Степью лазурною, цепью жемчужною
Мчитесь вы, будто как я же, изгнанники
С милого севера в сторону южную.
Кто же вас гонит: судьбы ли решение?
Зависть ли тайная? злоба ль открытая?
Или на вас тяготит преступление?
Или друзей клевета ядовитая?
Нет, вам наскучили нивы бесплодные…
Чужды вам страсти и чужды страдания;
Вечно холодные, вечно свободные,
Нет у вас родины, нет вам изгнания.",1,михаил лермонтов туча тучка небесный вечный странник степью лазурный цепь жемчужный мчитесь изгнанники милый север сторона южный гнать судьба решение зависть тайный злоба открытый тяготить преступление друг клевета ядовитый наскучить нива бесплодный чуждый страсть чуждый страдание вечно холодный вечно свободный родина изгнание
"11.Сергей Есенин - Письмо к женщине
Вы помните,
Вы всё, конечно, помните,
Как я стоял,
Приблизившись к стене,
Взволнованно ходили вы по комнате
И что-то резкое
В лицо бросали мне.
Вы говорили:
Нам пора расстаться,
Что вас измучила
Моя шальная жизнь,
Что вам пора за дело приниматься,
А мой удел —
Катиться дальше, вниз.
Любимая!
Меня вы не любили.
Не знали вы, что в сонмище людском
Я был как лошадь, загнанная в мыле,
Пришпоренная смелым ездоком.
Не знали вы,
Что я в сплошном дыму,
В развороченном бурей быте
С того и мучаюсь, что не пойму —
Куда несет нас рок событий.
Лицом к лицу
Лица не увидать.
Большое видится на расстоянье.
Когда кипит морская гладь —
Корабль в плачевном состоянье.
Земля — корабль!
Но кто-то вдруг
За новой жизнью, новой славой
В прямую гущу бурь и вьюг
Ее направил величаво.
Ну кто ж из нас на палубе большой
Не падал, не блевал и не ругался?
Их мало, с опытной душой,
Кто крепким в качке оставался.
Тогда и я,
Под дикий шум,
Но зрело знающий работу,
Спустился в корабельный трюм,
Чтоб не смотреть людскую рвоту.
Тот трюм был —
Русским кабаком.
И я склонился над стаканом,
Чтоб, не страдая ни о ком,
Себя сгубить
В угаре пьяном.
Любимая!
Я мучил вас,
У вас была тоска
В глазах усталых:
Что я пред вами напоказ
Себя растрачивал в скандалах.
Но вы не знали,
Что в сплошном дыму,
В развороченном бурей быте
С того и мучаюсь,
Что не пойму,
Куда несет нас рок событий…
Теперь года прошли.
Я в возрасте ином.
И чувствую и мыслю по-иному.
И говорю за праздничным вином:
Хвала и слава рулевому!
Сегодня я
В ударе нежных чувств.
Я вспомнил вашу грустную усталость.
И вот теперь
Я сообщить вам мчусь,
Каков я был,
И что со мною сталось!
Любимая!
Сказать приятно мне:
Я избежал паденья с кручи.
Теперь в Советской стороне
Я самый яростный попутчик.
Я стал не тем,
Кем был тогда.
Не мучил бы я вас,
Как это было раньше.
За знамя вольности
И светлого труда
Готов идти хоть до Ла-Манша.
Простите мне…
Я знаю: вы не та —
Живете вы
С серьезным, умным мужем;
Что не нужна вам наша маета,
И сам я вам
Ни капельки не нужен.
Живите так,
Как вас ведет звезда,
Под кущей обновленной сени.
С приветствием,
Вас помнящий всегда
Знакомый ваш
Сергей Есенин.",1,сергей есенин письмо женщина помнить весь помнить стоять приблизиться стена взволнованно ходить комната резкий лицо бросать говорить пора расстаться измучить шальной жизнь пора дело приниматься удел катиться далекий вниз любимый любить знать сонмище людской лошадь загнать мыло пришпорить смелый ездок знать сплошной дым разворотить буря быт мучиться пойма нести рок событие лицо лицо лицо увидать большой видеться расстояние кипеть морской гладь корабль плачевный состоянье земля корабль новый жизнь новый слава прямой гуща буря вьюга направить величавый палуба большой падать блевать ругаться мало опытный душа крепкий качка оставаться дикий шум зрело знать работа спуститься корабельный трюм смотреть людской рвота трюм русский кабак склониться стакан страдать сгубить угар пьяный любимый мучить тоска глаз усталый пред напоказ растрачивал скандал знать сплошной дым разворотить буря быт мучиться пойма нести рок событие год пройти возраст иной чувствовать мыслить иной говорить праздничный вино хвала слава рулевой сегодня удар нежный чувство вспомнить ваш грустный усталость сообщить мчусь каков сталось любимый сказать приятный избежать падение круча советский сторона самый яростный попутчик стать мучить это ранний знамя вольность светлый труд готовый идти манша простить знать жить серьезный умный муж нужный наш маета капелька нужный живить вести звезда куща обновить сень приветствие помнить знакомый ваш сергей есенин
"12.Сергей Есенин - Что это такое?
В этот лес завороженный,
По пушинкам серебра,
Я с винтовкой заряженной
На охоту шел вчера.
По дорожке чистой, гладкой
Я прошел, не наследил…
Кто ж катался здесь украдкой?
Кто здесь падал и ходил?
Подойду, взгляну поближе:
Хрупкий снег изломан весь.
Здесь вот когти, дальше — лыжи…
Кто-то странный бегал здесь.
Кабы твердо знал я тайну
Заколдованным речам,
Я узнал бы хоть случайно,
Кто здесь бродит по ночам.
Из-за елки бы высокой
Подсмотрел я на кругу:
Кто глубокий след далекий
Оставляет на снегу?..",1,сергей есенин это лес заворожить пушинка серебро винтовка зарядить охота идти вчера дорожка чистый гладкий пройти наследить кататься украдкой падать ходить подойти взглянуть близкий хрупкий снег изломать весь коготь далекий лыжи странный бегать кабы твердо знать тайна заколдовать речь узнать случайно бродить ночь елка высокий подсмотреть круг глубокий след далекий оставлять снег
"13.Сергей Есенин - Берёза
Белая берёза
Под моим окном
Принакрылась снегом,
Точно серебром.
На пушистых ветках
Снежною каймой
Распустились кисти
Белой бахромой.
И стоит берёза
В сонной тишине,
И горят снежинки
В золотом огне.
А заря, лениво
Обходя кругом,
Обсыпает ветки
Новым серебром.",1,сергей есенин береза белый береза окно принакрыться снег точно серебро пушистый ветка снежный кайма распуститься кисть белый бахрома стоить береза сонный тишина гореть снежинка золотой огонь заря лениво обходить кругом обсыпает ветка новый серебро
14.Сергей Есенин -  Заметался пожар голубой…,1,сергей есенин заметаться пожар голубой
"Заметался пожар голубой,
Позабылись родимые дали.
В первый раз я запел про любовь,
В первый раз отрекаюсь скандалить.
Был я весь — как запущенный сад,
Был на женщин и зелие падкий.
Разонравилось пить и плясать
И терять свою жизнь без оглядки.
Мне бы только смотреть на тебя,
Видеть глаз злато-карий омут,
И чтоб, прошлое не любя,
Ты уйти не смогла к другому.
Поступь нежная, легкий стан,
Если б знала ты сердцем упорным,
Как умеет любить хулиган,
Как умеет он быть покорным.
Я б навеки забыл кабаки
И стихи бы писать забросил,
Только б тонко касаться руки
И волос твоих цветом в осень.
Я б навеки пошел за тобой
Хоть в свои, хоть в чужие дали…
В первый раз я запел про любовь,
В первый раз отрекаюсь скандалить.",1,заметаться пожар голубой позабылись родимые дать первый запеть любовь первый отрекаться скандалить весь запустить сад женщина зелие падкий разонравиться пить плясать терять свой жизнь оглядка смотреть видеть глаз злато карий омут прошлое любить уйти смочь поступь нежный легкий стан знать сердце упорный уметь любить хулиган уметь покорный навеки забыть кабак стих писать забросить тонко касаться рука волос твой цвет осень навеки пойти свой чужой дать первый запеть любовь первый отрекаться скандалить
"15. Сергей Есенин - Не жалею, не зову, не плачу…
Не жалею, не зову, не плачу,
Все пройдет, как с белых яблонь дым.
Увяданья золотом охваченный,
Я не буду больше молодым.
Ты теперь не так уж будешь биться,
Сердце, тронутое холодком,
И страна березового ситца
Не заманит шляться босиком.
Дух бродяжий! ты все реже, реже
Расшевеливаешь пламень уст
О моя утраченная свежесть,
Буйство глаз и половодье чувств.
Я теперь скупее стал в желаньях,
Жизнь моя? иль ты приснилась мне?
Словно я весенней гулкой ранью
Проскакал на розовом коне.
Все мы, все мы в этом мире тленны,
Тихо льется с кленов листьев медь…
Будь же ты вовек благословенно,
Что пришло процвесть и умереть.",1,сергей есенин жалеть звать плакать жалеть звать плакать весь пройти белый яблоня дым увядание золотой охватить большой молодой биться сердце тронутый холодок страна березовый ситец заманить шляться босиком дух бродяжий редкий редкий расшевеливать пламень уста утратить свежесть буйство глаз половодье чувство скупее стать желаньях жизнь иль присниться словно весенний гулкий рань проскакать розовый кон весь весь мир тленны тихо литься клен лист медь вовек благословенный прийти процведать умереть
"16.Анна Ахматова - Реквием
Нет, и не под чуждым небосводом,
И не под защитой чуждых крыл, —
Я была тогда с моим народом,
Там, где мой народ, к несчастью, был.",1,анна ахматов реквием чуждый небосвод защита чуждый крыло народ народ несчастие
"17.Анна Ахматова - Мужество
Мы знаем, что ныне лежит на весах
И что совершается ныне.
Час мужества пробил на наших часах,
И мужество нас не покинет.
Не страшно под пулями мертвыми лечь,
Не горько остаться без крова,
И мы сохраним тебя, русская речь,
Великое русское слово.
Свободным и чистым тебя пронесем,
И внукам дадим, и от плена спасем
Навеки.",1,анна ахматов мужество знать ныне лежать вес совершаться ныне час мужество пробить наш час мужество покинуть страшный пуля мертвый лечь горько остаться кров сохранить русский речь великий русский слово свободный чистый пронести внук дать плен спасти навеки
18.Анна Ахматова - Так будет!,1,анна ахматов
"Не надо нам земли чужой,
Свою мы создаем, —
И одарил ее водой
Могучий водоем.
Не засуху, не недород,
Не раскаленный прах —
Благоухание несет
Здесь ветер на крылах.
Не будет больше черных бурь,
Губящих как самум,
Увидит свежую лазурь
Пустыня Кара-Кум.
И дети, ясным вечерком
В тени гоня овец,
Уже не ведают, о чем
Печально пел отец…
Но что в моей стране труда
Теперь произошло,
То лучезарным навсегда
В историю вошло.",1,земля чужой свой создавать одарить вода могучий водоем засуха недород раскалить прах благоухание нести ветер крыло черный буря губить самум увидеть свежий лазурь пустыня кара кум ребенок ясный вечерок тень гоня овца ведать печально петь отец страна труд произойти лучезарный навсегда история войти
"19.Анна Ахматова - Сжала руки под темной вуалью…
Сжала руки под темной вуалью…
«Отчего ты сегодня бледна?»
— Оттого, что я терпкой печалью
Напоила его допьяна.
Как забуду? Он вышел, шатаясь,
Искривился мучительно рот…
Я сбежала, перил не касаясь,
Я бежала за ним до ворот.
Задыхаясь, я крикнула: «Шутка
Все, что было. Уйдешь, я умру».
Улыбнулся спокойно и жутко
И сказал мне: «Не стой на ветру».",1,анна ахматов сжать рука темный вуаль сжать рука темный вуаль отчего сегодня бледна оттого терпкой печаль напоить допьяна забыть выйти шатаясь искривиться мучительно рот сбежать перила касаться бежать ворота задыхаясь крикнуть шутка уйти умереть улыбнуться спокойно жутко сказать стоить ветер
"20.Александр Блок - Незнакомка
По вечерам над ресторанами
Горячий воздух дик и глух,
И правит окриками пьяными
Весенний и тлетворный дух.
Вдали над пылью переулочной,
Над скукой загородных дач,
Чуть золотится крендель булочной,
И раздается детский плач.
И каждый вечер, за шлагбаумами,
Заламывая котелки,
Среди канав гуляют с дамами
Испытанные остряки.
Над озером скрипят уключины
И раздается женский визг,
А в небе, ко всему приученный
Бессмысленно кривится диск.
И каждый вечер друг единственный
В моем стакане отражен
И влагой терпкой и таинственной,
Как я, смирен и оглушен.
А рядом у соседних столиков
Лакеи сонные торчат,
И пьяницы с глазами кроликов
«In vino veritas!»* кричат.
И каждый вечер, в час назначенный
(Иль это только снится мне?),
Девичий стан, шелками схваченный,
В туманном движется окне.
И медленно, пройдя меж пьяными,
Всегда без спутников, одна
Дыша духами и туманами,
Она садится у окна.
И веют древними поверьями
Ее упругие шелка,
И шляпа с траурными перьями,
И в кольцах узкая рука.
И странной близостью закованный,
Смотрю за темную вуаль,
И вижу берег очарованный
И очарованную даль.
Глухие тайны мне поручены,
Мне чье-то солнце вручено,
И все души моей излучины
Пронзило терпкое вино.
И перья страуса склоненные
В моем качаются мозгу,
И очи синие бездонные
Цветут на дальнем берегу.
В моей душе лежит сокровище,
И ключ поручен только мне!
Ты право, пьяное чудовище!
Я знаю: истина в вине.",1,александр блок незнакомка вечер ресторан горячий воздух дик глухой править окрик пьяный весенний тлетворный дух вдали пыль переулочный скука загородный дача золотиться крендель булочная раздаваться детский плач каждый вечер шлагбаум заламывая котелок среди канава гулять дама испытать остряк озеро скрипят уключина раздаваться женский визг небо весь приучить бессмысленно кривиться диск каждый вечер друг единственный стакан отразить влага терпкий таинственный смирный оглушить рядом соседний столик лакей сонный торчать пьяница глаз кролик кричать каждый вечер час назначить иль это сниться девичий стан шелк схватить туманный двигаться окно медленно пройти меж пьяный спутник дышать дух туман садиться окно веять древний поверье упругий шелк шляпа траурный перо кольцо узкий рука странный близость заковать смотреть темный вуаль видеть берег очаровать очаровать даль глухой тайна поручить чей солнце вручить весь душа излучина пронзить терпкий вино перо страус склоненные качаться мозг око синий бездонный цвести дальний берег душа лежать сокровище ключ поручить право пьяный чудовище знать истина вина
"21. Александр Блок - Ночь, улица, фонарь, аптека… (отрывок из цикла «Пляски смерти»)
Ночь, улица, фонарь, аптека,
Бессмысленный и тусклый свет.
Живи еще хоть четверть века —
Всё будет так. Исхода нет.
Умрёшь — начнёшь опять сначала
И повторится всё, как встарь:
Ночь, ледяная рябь канала,
Аптека, улица, фонарь.",1,александр блок ночь улица фонарь аптека отрывок цикл пляска смерть ночь улица фонарь аптека бессмысленный тусклый свет живить четверть век весь исход умереть начнешь сначала повториться весь встарь ночь ледяной рябь канал аптека улица фонарь
"22.Александр Блок - Россия
Опять, как в годы золотые,
Три стертых треплются шлеи,
И вязнут спицы расписные
В расхлябанные колеи…
Россия, нищая Россия,
Мне избы серые твои,
Твои мне песни ветровые, —
Как слезы первые любви!
Тебя жалеть я не умею
И крест свой бережно несу…
Какому хочешь чародею
Отдай разбойную красу!
Пускай заманит и обманет, —
Не пропадешь, не сгинешь ты,
И лишь забота затуманит
Твои прекрасные черты…
Ну что ж? Одной заботой боле —
Одной слезой река шумней
А ты все та же — лес, да поле,
Да плат узорный до бровей…
И невозможное возможно,
Дорога долгая легка,
Когда блеснет в дали дорожной
Мгновенный взор из-под платка,
Когда звенит тоской острожной
Глухая песня ямщика!..",1,александр блок россия год золотой стертый трепаться шлея вязнуть спица расписной расхлябать колея россия нищий россия изба серый твой твой песня ветровый слеза первый любовь жалеть уметь крест свой бережно нести хотеть чародей отдать разбойный краса пускай заманить обмануть пропасть сгинуть лишь забота затуманит твой прекрасный черта забота бола слеза река шумней лес поле плата узорный бровь невозможный возможно дорога долгий легкий блеснуть дать дорожный мгновенный взор платок звенеть тоска острожный глухой песня ямщик
23. Александр Блок - Двенадцать,1,александр блок двенадцать
"1
Черный вечер.
Белый снег.
Ветер, ветер!
На ногах не стоит человек.
Ветер, ветер —
На всем божьем свете!
Завивает ветер
Белый снежок.
Под снежком — ледок.
Скользко, тяжко,
Всякий ходок
Скользит — ах, бедняжка!
От здания к зданию
Протянут канат.
На канате — плакат:
«Вся власть Учредительному Собранию!»
Старушка убивается — плачет,
Никак не поймет, что значит,
На что такой плакат,
Такой огромный лоскут?
Сколько бы вышло портянок для ребят,
А всякий — раздет, разут…
Старушка, как курица,
Кой-как перемотнулась через сугроб.
— Ох, Матушка-Заступница!
— Ох, большевики загонят в гроб!
Ветер хлесткий!
Не отстает и мороз!
И буржуй на перекрестке
В воротник упрятал нос.
А это кто? — Длинные волосы
И говорит вполголоса:
— Предатели!
— Погибла Россия!
Должно быть, писатель —
Вития…
А вон и долгополый —
Сторонкой — за сугроб…
Что́ нынче невеселый,
Товарищ поп?
Помнишь, как бывало
Брюхом шел вперед,
И крестом сияло
Брюхо на народ?..
Вон барыня в каракуле
К другой подвернулась:
— Ужь мы плакали, плакали…
Поскользнулась
И — бац — растянулась!
Ай, ай!
Тяни, подымай!
Ветер веселый
И зол, и рад.
Крутит подолы,
Прохожих ко́сит,
Рвет, мнет и носит
Большой плакат:
«Вся власть Учредительному Собранию»…
И слова доносит:
…И у нас было собрание…
…Вот в этом здании…
…Обсудили —
Постановили:
На время — десять, на́ ночь — двадцать пять…
…И меньше — ни с кого не брать…
…Пойдем спать…
Поздний вечер.
Пустеет улица.
Один бродяга
Сутулится,
Да свищет ветер…
Эй, бедняга!
Подходи —
Поцелуемся…
Хлеба!
Что́ впереди?
Проходи!
Черное, черное небо.
Злоба, грустная злоба
Кипит в груди…
Черная злоба, святая злоба…
Товарищ! Гляди
В оба!
2
Гуляет ветер, порхает снег.
Идут двенадцать человек.
Винтовок черные ремни,
Кругом — огни, огни, огни…
В зубах — цыгарка, примят картуз,
На спину б надо бубновый туз!
Свобода, свобода,
Эх, эх, без креста!
Тра-та-та!
Холодно, товарищ, холодно!
— А Ванька с Катькой — в кабаке…
— У ей керенки есть в чулке!
— Ванюшка сам теперь богат…
— Был Ванька наш, а стал солдат!
— Ну, Ванька, сукин сын, буржуй,
Мою, попробуй, поцелуй!
Свобода, свобода,
Эх, эх, без креста!
Катька с Ванькой занята —
Чем, чем занята?..
Тра-та-та!
Кругом — огни, огни, огни…
Оплечь — ружейные ремни…
Революционный держите шаг!
Неугомонный не дремлет враг!
Товарищ, винтовку держи, не трусь!
Пальнем-ка пулей в Святую Русь —
В кондову́ю,
В избяну́ю,
В толстозадую!
Эх, эх, без креста!
3
Как пошли наши ребята
В красной гвардии служить —
В красной гвардии служить —
Буйну голову сложить!
Эх ты, горе-горькое,
Сладкое житье!
Рваное пальтишко,
Австрийское ружье!
Мы на го́ре всем буржуям
Мировой пожар раздуем,
Мировой пожар в крови —
Господи, благослови!
4
Снег крутит, лихач кричит,
Ванька с Катькою летит —
Елекстрический фонарик
На оглобельках…
Ах, ах, пади!..
Он в шинелишке солдатской
С физиономией дурацкой
Крутит, крутит черный ус,
Да покручивает,
Да пошучивает…
Вот так Ванька — он плечист!
Вот так Ванька — он речист!
Катьку-дуру обнимает,
Заговаривает…
Запрокинулась лицом,
Зубки блещут жемчуго́м…
Ах ты, Катя, моя Катя,
Толстоморденькая…
5
У тебя на шее, Катя,
Шрам не зажил от ножа.
У тебя под грудью, Катя,
Та царапина свежа!
Эх, эх, попляши!
Больно ножки хороши!
В кружевном белье ходила —
Походи-ка, походи!
С офицерами блудила —
Поблуди-ка, поблуди!
Эх, эх, поблуди!
Сердце ёкнуло в груди!
Помнишь, Катя, офицера —
Не ушел он от ножа…
Аль не вспомнила, холера?
Али память не свежа?
Эх, эх, освежи,
Спать с собою положи!
Гетры серые носила,
Шоколад Миньон жрала,
С юнкерьем гулять ходила —
С солдатьем теперь пошла?
Эх, эх, согреши!
Будет легче для души!
6
…Опять навстречу несется вскачь,
Летит, вопит, орет лихач…
Стой, стой! Андрюха, помогай!
Петруха, сзаду забегай!..
Трах-тарарах-тах-тах-тах-тах!
Вскрутился к небу снежный прах!..
Лихач — и с Ванькой — наутек…
Еще разок! Взводи курок!..
Трах-тарарах! Ты будешь знать,
. . . . . . . . . . . . . . . . . . . . . . . . . . .
Как с девочкой чужой гулять!..
Утек, подлец! Ужо, постой,
Расправлюсь завтра я с тобой!
А Катька где? — Мертва, мертва!
Простреленная голова!
Что́, Катька, рада? — Ни гу-гу…
Лежи ты, падаль, на снегу!..
Революцьонный держите шаг!
Неугомонный не дремлет враг!
7
И опять идут двенадцать,
За плечами — ружьеца.
Лишь у бедного убийцы
Не видать совсем лица…
Всё быстрее и быстрее
Уторапливает шаг.
Замотал платок на шее —
Не оправиться никак…
— Что, товарищ, ты не весел?
— Что, дружок, оторопел?
— Что, Петруха, нос повесил,
Или Катьку пожалел?
— Ох, товарищи, родные,
Эту девку я любил…
Ночки черные, хмельные
С этой девкой проводил…
— Из-за удали бедовой
В огневых ее очах,
Из-за родинки пунцовой
Возле правого плеча,
Загубил я, бестолковый,
Загубил я сгоряча… ах!
— Ишь, стервец, завел шарманку,
Что ты, Петька, баба, что ль?
— Верно, душу наизнанку
Вздумал вывернуть? Изволь!
— Поддержи свою осанку!
— Над собой держи контроль!
— Не такое нынче время,
Чтобы нянчиться с тобой!
Потяжеле будет бремя
Нам, товарищ дорогой!
— И Петруха замедляет
Торопливые шаги…
Он головку вскидава́ет,
Он опять повеселел…
Эх, эх!
Позабавиться не грех!
Запирайте етажи,
Нынче будут грабежи!
Отмыкайте погреба —
Гуляет нынче голытьба!
8
Ох ты, горе-горькое!
Скука скучная,
Смертная!
Ужь я времячко
Проведу, проведу…
Ужь я темячко
Почешу, почешу…
Ужь я семячки
Полущу, полущу…
Ужь я ножичком
Полосну, полосну!..
Ты лети, буржуй, воробышком!
Выпью кровушку
За зазнобушку,
Чернобровушку…
Упокой, господи, душу рабы твоея…
Скучно!
9
Не слышно шуму городского,
Над невской башней тишина,
И больше нет городового —
Гуляй, ребята, без вина!
Стоит буржуй на перекрестке
И в воротник упрятал нос.
А рядом жмется шерстью жесткой
Поджавший хвост паршивый пес.
Стоит буржуй, как пес голодный,
Стоит безмолвный, как вопрос.
И старый мир, как пес безродный,
Стоит за ним, поджавши хвост.
10
Разыгралась чтой-то вьюга,
Ой, вьюга́, ой, вьюга́!
Не видать совсем друг друга
За четыре за шага!
Снег воронкой завился,
Снег столбушкой поднялся…
— Ох, пурга какая, спасе!
— Петька! Эй, не завирайся!
От чего тебя упас
Золотой иконостас?
Бессознательный ты, право,
Рассуди, подумай здраво —
Али руки не в крови
Из-за Катькиной любви?
— Шаг держи революцьонный!
Близок враг неугомонный!
Вперед, вперед, вперед,
Рабочий народ!
11
…И идут без имени святого
Все двенадцать — вдаль.
Ко всему готовы,
Ничего не жаль…
Их винтовочки стальные
На незримого врага…
В переулочки глухие,
Где одна пылит пурга…
Да в сугробы пуховые —
Не утянешь сапога…
В очи бьется
Красный флаг.
Раздается
Мерный шаг.
Вот — проснется
Лютый враг…
И вьюга́ пылит им в очи
Дни и ночи
Напролет…
Вперед, вперед,
Рабочий народ!
12
…Вдаль идут державным шагом…
— Кто еще там? Выходи!
Это — ветер с красным флагом
Разыгрался впереди…
Впереди — сугроб холодный,
— Кто в сугробе — выходи!..
Только нищий пес голодный
Ковыляет позади…
— Отвяжись ты, шелудивый,
Я штыком пощекочу!
Старый мир, как пес паршивый,
Провались — поколочу!
…Скалит зубы — волк голодный —
Хвост поджал — не отстает —
Пес холодный — пес безродный…
— Эй, откликнись, кто идет?
— Кто там машет красным флагом?
— Приглядись-ка, эка тьма!
— Кто там ходит беглым шагом,
Хоронясь за все дома?
— Все равно, тебя добуду,
Лучше сдайся мне живьем!
— Эй, товарищ, будет худо,
Выходи, стрелять начнем!
Трах-тах-тах! — И только эхо
Откликается в домах…
Только вьюга долгим смехом
Заливается в снегах…
Трах-тах-тах!
Трах-тах-тах…
…Так идут державным шагом,
Позади — голодный пес,
Впереди — с кровавым флагом,
И за вьюгой, невидим,
И от пули невредим,
Нежной поступью надвьюжной,
Снежной россыпью жемчужной,
В белом венчике из роз —
Впереди — Исус Христос.",1,черный вечер белый снег ветер ветер нога стоить человек ветер ветер весь божий свет завивать ветер белый снежок снежок ледок скользко тяжко всякий ходок скользить бедняжка здание здание протянуть канат канат плакат весь власть учредительный собрание старушка убивается плакать никак понять значить плакат огромный лоскут сколько выйти портянка ребята всякий раздетый разутый старушка курица кой перемотнуться сугроб матушка заступница большевик загнать гроб ветер хлесткий отставать мороз буржуй перекресток воротник упрятать нос это длинный волос говорить вполголоса предатель погибнуть россия должный писатель вития вона долгополый сторонка сугроб нынче невеселый товарищ поп помнить бывало брюхо идти вперед крест сиять брюхо народ вон барыня каракуль подвернуться ужь плакать плакать поскользнуться бац растянуться тяни подымать ветер веселый злой рад крутить подол прохожий сит рвать мять носить большой плакат весь власть учредительный собрание слово доносить собрание это здание обсудить постановить время десять ночь двадцать пять меньше брать пойти спать поздний вечер пустеть улица бродяга сутулиться свистать ветер бедняга подходить поцеловаться хлеб впереди проходить черный черный небо злоба грустный злоба кипеть грудь черный злоба святой злоба товарищ глядеть оба гулять ветер порхать снег идти двенадцать человек винтовка черный ремень круг огонь огонь огонь зуб цыгарк примять картуз спина бубновый туз свобода свобода крест тра холодно товарищ холодный ванька катька кабак керенка чулок ванюшка богатый ванька наш стать солдат ванька сукин сын буржуй попробовать поцелуй свобода свобода крест катька ванька занять занять тра круг огонь огонь огонь оплечь ружейный ремень революционный держать шаг неугомонный дремать враг товарищ винтовка держи трусить пальнуть пуля святой русь кондов избяна толстозадый крест пойти наш ребята красный гвардия служить красный гвардия служить буйн голова сложить горе горький сладкий житие рваный пальтишко австрийский ружье весь буржуям мировой пожар раздуть мировой пожар кровь господь благословить снег крутить лихач кричать ванька катька лететь елекстрический фонарик оглобелек пади шинелишка солдатский физиономия дурацкий крутить крутить черный покручивать пошучивать ванька плечистый ванька речистый катька дура обнимать заговаривать запрокинуться лицо зубок блистать жемчуго катить катя толстоморденький шея катя шрам зажить нож грудь катя царапина свежий поплясать больно ножка хороший кружевной белье ходить походи походить офицер блудить поблудить поблудить поблудить сердце екнуть грудь помнить катя офицер уйти нож аля вспомнить холера али память свежий освежить спать положить гетры серый носить шоколад миньон жрать юнкерье гулять ходить солдатье пойти согрешить легче душа навстречу нестись вскачь лететь вопит орать лихач стой стой андрюха помогать петруха сзаду забегать трах тарарах таха таха таха таха вскрутиться небо снежный прах лихач ванька наутек разок взводить курок трах тарарах знать девочка чужой гулять утек подлец ужо постой расправиться завтра катька мертвый мертвый прострелить голова катька рад лежать падаль снег революцьонный держать шаг неугомонный дремать враг идти двенадцать плечо ружьецо лишь бедный убийца видать лицо весь быстрый быстрый уторапливать шаг замотать платок шея оправиться никак товарищ веселый дружок оторопеть петруха нос повесить катька пожалеть товарищ родные девка любить ночка черный хмельный девка проводить удаль бедовый огневой око родинка пунцовый возле правый плечо загубить бестолковый загубить сгоряча ишь стервец завести шарманка петька баба верно душа наизнанку вздумать вывернуть изволить поддержать свой осанка держать контроль нынче время нянчиться потяжеле бремя товарищ дорогой петруха замедлять торопливый шаг головка вскидав повеселеть позабавиться грех запирайте етаж нынче грабеж отмыкать погреб гулять нынче голытьба горе горький скука скучный смертный ужь времячко провести провести ужь темячко почесать почесать ужь семячка полущить полущить ужь ножичек полоснуть полоснуть лететь буржуй воробышком выпить кровушка зазнобушка чернобровушка упокой господь душа раб твоей скучно слышный шум городской невский башня тишина большой городовой гуляй ребята вино стоить буржуй перекресток воротник упрятать нос рядом жаться шерсть жесткий поджать хвост паршивый пес стоить буржуй пес голодный стоить безмолвный вопрос старый мир пес безродный стоить поджать хвост разыграться чтой вьюга вьюга вьюга видать друг друг четыре шаг снег воронка завиться снег столбушка подняться пурга спас петька завираться упасти золотой иконостас бессознательный право рассуди подумай здраво али рука кровь катькина любовь шаг держать революцьонный близкий враг неугомонный вперед вперед вперед рабочий народ идти имя святой весь двенадцать вдаль весь готовый ничто жаль винтовочка стальной незримого враг переулочек глухой пылить пурга сугроб пуховый утянуть сапог око биться красный флаг раздаваться мерный шаг проснуться лютый враг вьюга пылить око день ночь напролет вперед вперед рабочий народ вдаль идти державный шаг выходи это ветер красный флаг разыграться впереди впереди сугроб холодный сугроб выходить нищий пес голодный ковылять позади отвязаться шелудивый штык пощекотать старый мир пес паршивый провалиться поколочу скалить зуб волк голодный хвост поджать отставать пес холодный пес безродный откликнись идти махать красный флаг приглядеться эка тьма ходить беглый шаг хоронясь весь дом весь равный добуду хороший сдаться живьем товарищ худо выходи стрелять начать трах таха таха эхо откликаться дом вьюга долгий смех заливаться снег трах таха таха трах таха таха идти державный шаг позади голодный пес впереди кровавый флаг вьюга невидимый пуля невредимый нежный поступь надвьюжна снежный россыпь жемчужный белый венчик роза впереди исус христос
"24.Владимир Маяковский - Послушайте!
Послушайте!
Ведь, если звезды зажигают —
значит — это кому-нибудь нужно?
Значит — кто-то хочет, чтобы они были?
Значит — кто-то называет эти плево́чки жемчужиной?
И, надрываясь
в метелях полу́денной пыли,
врывается к богу,
боится, что опоздал,
плачет,
целует ему жилистую руку,
просит —
чтоб обязательно была звезда! —
клянется —
не перенесет эту беззвездную муку!
А после
ходит тревожный,
но спокойный наружно.
Говорит кому-то:
«Ведь теперь тебе ничего?
Не страшно?
Да?!»
Послушайте!
Ведь, если звезды
зажигают —
значит — это кому-нибудь нужно?
Значит — это необходимо,
чтобы каждый вечер
над крышами
загоралась хоть одна звезда?!",1,владимир маяковский послушайте послушать звезда зажигать значить это нужный значить хотеть значит называть плевый чки жемчужина надрываясь метель пол денной пыль врываться бог бояться опоздать плакать целовать жилистый рука просить обязательно звезда клянется перенести беззвездный мука ходить тревожный спокойный наружный говорить ничто страшный послушать звезда зажигать значить это нужный значить это необходимый каждый вечер крыша загоралась звезда
"25.Владимир Маяковский - Облако в штанах
Вместо письма
Дым табачный воздух выел.
Комната —
глава в крученыховском аде.
Вспомни —
за этим окном
впервые
руки твои, исступленный, гладил.
Сегодня сидишь вот,
сердце в железе.
День еще —
выгонишь,
может быть, изругав.
В мутной передней долго не влезет
сломанная дрожью рука в рукав.
Выбегу,
тело в улицу брошу я.
Дикий,
обезумлюсь,
отчаяньем иссеча́сь.
Не надо этого,
дорогая,
хорошая,
дай простимся сейчас.
Все равно
любовь моя —
тяжкая гиря ведь —
висит на тебе,
куда ни бежала б.
Дай в последнем крике выреветь
горечь обиженных жалоб.
Если быка трудом уморят —
он уйдет,
разляжется в холодных водах.
Кроме любви твоей,
мне
нету моря,
а у любви твоей и плачем не вымолишь отдых.
Захочет покоя уставший слон —
царственный ляжет в опожаренном песке.
Кроме любви твоей,
мне
нету солнца,
а я и не знаю, где ты и с кем.
Если б так поэта измучила,
он
любимую на деньги б и славу выменял,
а мне
ни один не радостен звон,
кроме звона твоего любимого имени.
И в пролет не брошусь,
и не выпью яда,
и курок не смогу над виском нажать.
Надо мною,
кроме твоего взгляда,
не властно лезвие ни одного ножа.
Завтра забудешь,
что тебя короновал,
что душу цветущую любовью выжег,
и су́етных дней взметенный карнавал
растреплет страницы моих книжек…
Слов моих сухие листья ли
заставят остановиться,
жадно дыша?
Дай хоть
последней нежностью выстелить
твой уходящий шаг.",1,владимир маяковский облако штаны вместо письмо дым табачный воздух выесть комната глава крученыховский вспомнить это окно впервые рука твой исступленный гладить сегодня сидеть сердце железа день выгнать мочь изругать мутный передний долго влезть сломать дрожь рука рукав выбежать тело улица бросить дикий обезумиться отчаяние иссеча это дорогой хороший дая проститься весь равный любовь тяжкий гиря висеть бежать дать последний крик выреветь горечь обидеть жалоба бык труд уморить уйти разлечься холодный вода кроме любовь твой нету море любовь твой плакать вымолить отдых захотеть покоя устать слон царственный лечь опожаренный песок кроме любовь твой нету солнце знать поэт измучить любимый деньга слава выменять радостный звон кроме звон твой любимый имя пролет броситься выпить курок смочь висок нажать кроме твой взгляд властный лезвие нож завтра забыть короновал душа цветущий любовь выжечь етный день взмести карнавал растрепать страница книжка слово сухой лист заставить остановиться жадно дышать дать последний нежность выстелить твой уходить шаг
"26.Владимир Маяковский - А вы могли бы?
Я сразу смазал карту будня,
плеснувши краску из стакана;
я показал на блюде студня
косые скулы океана.
На чешуе жестяной рыбы
прочёл я зовы новых губ.
А вы
ноктюрн сыграть
могли бы
на флейте водосточных труб?",1,владимир маяковский мочь сразу смазать карта будень плеснувши краска стакан показать блюдо студня косой скула океан чешуе жестяной рыба прочесть зов новый губа ноктюрн сыграть мочь флейта водосточный труба
"27.Владимир Маяковский -Стихи о советском паспорте
Я волком бы
       выгрыз
          бюрократизм.
К мандатам
      почтения нету.
К любым
     чертям с матерями
               катись
любая бумажка.
        Но эту…
По длинному фронту
           купе
              и кают
чиновник
     учтивый движется.
Сдают паспорта,
        и я
          сдаю
мою
  пурпурную книжицу.
К одним паспортам —
           улыбка у рта.
К другим —
      отношение плевое.
С почтеньем
      берут, например,
              паспорта
с двухспальным
        английским левою.
Глазами
    доброго дядю выев,
не переставая
       кланяться,
берут,
   как будто берут чаевые,
паспорт
    американца.
На польский —
        глядят,
            как в афишу коза.
На польский —
        выпяливают глаза
в тугой
    полицейской слоновости —
откуда, мол,
      и что это за
географические новости?
И не повернув
       головы кочан
и чувств
     никаких
          не изведав,
берут,
   не моргнув,
         паспорта датчан
и разных
     прочих
         шведов.
И вдруг,
    как будто
         ожогом,
             рот
скривило
     господину.
Это
  господин чиновник
            берет
мою
  краснокожую паспортину.
Берет —
    как бомбу,
         берет —
             как ежа,
как бритву
      обоюдоострую,
берет,
   как гремучую
          в 20 жал
змею
   двухметроворостую.
Моргнул
     многозначаще
            глаз носильщика,
хоть вещи
     снесет задаром вам.
Жандарм
     вопросительно
             смотрит на сыщика,
сыщик
    на жандарма.
С каким наслажденьем
            жандармской кастой
я был бы
    исхлестан и распят
за то,
   что в руках у меня
            молоткастый,
серпастый
     советский паспорт.
Я волком бы
       выгрыз
          бюрократизм.
К мандатам
      почтения нету.
К любым
     чертям с матерями
               катись
любая бумажка.
        Но эту…
Я
 достаю
     из широких штанин
дубликатом
      бесценного груза.
Читайте,
     завидуйте,
           я —
             гражданин
Советского Союза.",1,владимир маяковский стих советский паспорт волк выгрызть бюрократизм мандат почтение нету любой черт мать катиться любой бумажка длинный фронт купе каюта чиновник учтивый двигаться сдавать паспорт сдавать пурпурный книжица паспорт улыбка рот отношение плевое почтение брать например паспорт двухспальный английский лева глаз добрый дядя выев переставать кланяться брать брать чаевые паспорт американец польский глядеть афиша коза польский выпяливают глаз тугой полицейский слоновость откуда мол это географический новость повернуть голова кочан чувство никакой изведать брать моргнуть паспорт датчанин разный прочий швед ожог рота скривить господин это господин чиновник брать краснокожий паспортина брать бомба брать бритва обоюдоострый брать гремучий жало змея двухметроворостый моргнуть многозначащий глаз носильщик вещь снести задаром жандарм вопросительный смотреть сыщик сыщик жандарм наслаждение жандармский каста исхлестать распять рука молоткастый серпастый советский паспорт волк выгрызть бюрократизм мандат почтение нету любой черт мать катиться любой бумажка доставать широкий штанина дубликат бесценный груз читать завидуйте гражданин советский союз
28.Николай Заболоцкий - Не позволяй душе лениться,1,николай заболоцкий позволять душа лениться
"Не позволяй душе лениться!
Чтоб в ступе воду не толочь,
Душа обязана трудиться
И день и ночь, и день и ночь!
Гони ее от дома к дому,
Тащи с этапа на этап,
По пустырю, по бурелому
Через сугроб, через ухаб!
Не разрешай ей спать в постели
При свете утренней звезды,
Держи лентяйку в черном теле
И не снимай с нее узды!
Коль дать ей вздумаешь поблажку,
Освобождая от работ,
Она последнюю рубашку
С тебя без жалости сорвет.
А ты хватай ее за плечи,
Учи и мучай дотемна,
Чтоб жить с тобой по-человечьи
Училась заново она.
Она рабыня и царица,
Она работница и дочь,
Она обязана трудиться
И день и ночь, и день и ночь!",1,позволять душа лениться ступа вода толочь душа обязать трудиться день ночь день ночь гнать дом дом тащи этап этап пустырь бурелом сугроб ухаб разрешать спать постель свет утренний звезда держать лентяйка черный тело снимать узда коль дать вздумать поблажка освобождать работа последний рубашка жалость сорвать хватать плечо учить мучай дотемна жить человечий учиться заново рабыня царица работница дочь обязать трудиться день ночь день ночь
29.Николай Заболоцкий - Некрасивая девочка,1,николай заболоцкий некрасивый девочка
"Среди других играющих детей
Она напоминает лягушонка.
Заправлена в трусы худая рубашонка,
Колечки рыжеватые кудрей
Рассыпаны, рот длинен, зубки кривы,
Черты лица остры и некрасивы.
Двум мальчуганам, сверстникам её,
Отцы купили по велосипеду.
Сегодня мальчики, не торопясь к обеду,
Гоняют по двору, забывши про неё,
Она ж за ними бегает по следу.
Чужая радость так же, как своя,
Томит её и вон из сердца рвётся,
И девочка ликует и смеётся,
Охваченная счастьем бытия.
Ни тени зависти, ни умысла худого
Ещё не знает это существо.
Ей всё на свете так безмерно ново,
Так живо всё, что для иных мертво!
И не хочу я думать, наблюдая,
Что будет день, когда она, рыдая,
Увидит с ужасом, что посреди подруг
Она всего лишь бедная дурнушка!
Мне верить хочется, что сердце не игрушка,
Сломать его едва ли можно вдруг!
Мне верить хочется, что чистый этот пламень,
Который в глубине её горит,
Всю боль свою один переболит
И перетопит самый тяжкий камень!
И пусть черты её нехороши
И нечем ей прельстить воображенье, —
Младенческая грация души
Уже сквозит в любом её движенье.
А если это так, то что есть красота
И почему её обожествляют люди?
Сосуд она, в котором пустота,
Или огонь, мерцающий в сосуде?",1,среди играть ребенок напоминать лягушонок заправить трус худой рубашонка колечки рыжеватый кудри рассыпать рот длинный зубок кривой черта лицо остры некрасивы мальчуган сверстник отец купить велосипед сегодня мальчик торопиться обед гонять двор забывши бегать след чужой радость свой томить вон сердце рваться девочка ликовать смеется охватить счастие бытие тень зависть умысел худой знать это существо весь свет безмерный ново живо весь иной мертво хотеть думать наблюдать день рыдать увидеть ужас посреди подруга лишь бедный дурнушка верить хотеться сердце игрушка сломать едва верить хотеться чистый пламень который глубина гореть весь боль свой переболеть перетопить самый тяжкий камень пусть черта нехороши нечего прельстить воображение младенческий грация душа сквозить любой движение это красота почему обожествлять человек сосуд который пустота огонь мерцать сосуд
"30.Николай Заболоцкий - О красоте человеческих лиц
Есть лица, подобные пышным порталам,
Где всюду великое чудится в малом.
Есть лица — подобия жалких лачуг,
Где варится печень и мокнет сычуг.
Иные холодные, мертвые лица
Закрыты решетками, словно темница.
Другие — как башни, в которых давно
Никто не живет и не смотрит в окно.
Но малую хижинку знал я когда-то,
Была неказиста она, небогата,
Зато из окошка ее на меня
Струилось дыханье весеннего дня.
Поистине мир и велик и чудесен!
Есть лица — подобья ликующих песен.
Из этих, как солнце, сияющих нот
Составлена песня небесных высот.",1,николай заболоцкий красота человеческий лицо лицо подобный пышный портал всюду великий чудиться малый лицо подобие жалкий лачуга вариться печень мокнет сычуг иной холодный мертвый лицо закрыть решетка словно темница башня который давно никто жить смотреть окно малый хижинка знать неказистый небогатый зато окошко струиться дыхание весенний день поистине мир большой чудесный лицо подобие ликующий песня солнце сиять нота составить песня небесный высота
